MIU_VALVE,date,cutoff
1,2021-04-13,217
1,2021-04-14,216
1,2021-04-15,160
1,2021-04-16,160
1,2021-04-17,160
1,2021-04-18,160
1,2021-04-19,160
1,2021-04-20,160
1,2021-04-21,160
1,2021-04-22,160
1,2021-04-23,160
1,2021-04-24,160
1,2021-04-25,160
1,2021-04-26,160
1,2021-04-27,160
1,2021-04-28,160
1,2021-04-29,84
1,2021-04-30,160
1,2021-05-01,160
1,2021-05-02,160
1,2021-05-03,160
1,2021-05-04,160
1,2021-05-05,160
1,2021-05-06,160
1,2021-05-07,160
1,2021-05-08,160
1,2021-05-09,160
1,2021-05-10,160
1,2021-05-11,161
1,2021-05-12,160
1,2021-05-13,160
1,2021-05-14,90
1,2021-05-15,90
1,2021-05-16,160
1,2021-05-17,160
1,2021-05-18,160
1,2021-05-19,160
1,2021-05-20,92
1,2021-05-21,160
1,2021-05-24,160
1,2021-05-25,160
1,2021-05-26,161
1,2021-05-27,160
1,2021-05-28,160
1,2021-05-29,160
1,2021-05-30,160
1,2021-05-31,160
1,2021-06-01,160
1,2021-06-02,160
1,2021-06-03,160
1,2021-06-04,162
1,2021-06-05,99
1,2021-06-06,99
1,2021-06-07,303
1,2021-06-08,90
1,2021-06-09,160
1,2021-06-10,160
1,2021-06-11,224
1,2021-06-12,218
1,2021-06-13,215
1,2021-06-14,213
1,2021-06-15,171
1,2021-06-16,162
1,2021-06-17,312
1,2021-06-18,317
1,2021-06-19,316
1,2021-06-20,314
1,2021-06-21,310
1,2021-06-22,306
1,2021-06-23,165
1,2021-06-24,313
1,2021-06-25,313
1,2021-06-26,307
1,2021-06-27,295
1,2021-06-28,299
1,2021-06-29,304
1,2021-06-30,306
1,2021-07-01,312
1,2021-07-02,100
1,2021-07-03,321
1,2021-07-04,325
1,2021-07-05,322
1,2021-07-06,324
1,2021-07-07,321
1,2021-07-08,322
1,2021-07-09,320
1,2021-07-10,317
1,2021-07-11,314
1,2021-07-12,313
1,2021-07-13,315
1,2021-07-14,310
1,2021-07-15,306
1,2021-07-16,298
1,2021-07-17,283
1,2021-07-18,283
1,2021-07-19,289
1,2021-07-20,293
1,2021-07-21,300
1,2021-07-22,304
1,2021-07-23,306
1,2021-07-24,304
1,2021-07-25,298
1,2021-07-26,211
1,2021-07-27,299
1,2021-07-28,298
1,2021-07-29,299
1,2021-07-30,210
1,2021-07-31,304
1,2021-08-01,299
1,2021-08-02,171
1,2021-08-03,304
1,2021-08-04,302
1,2021-08-05,302
1,2021-08-06,301
1,2021-08-07,305
1,2021-08-08,300
1,2021-08-09,298
1,2021-08-10,176
1,2021-08-11,166
1,2021-08-12,287
1,2021-08-13,292
1,2021-08-14,294
1,2021-08-15,298
1,2021-08-16,294
1,2021-08-17,169
1,2021-08-18,169
1,2021-08-19,170
1,2021-08-20,169
1,2021-08-21,291
1,2021-08-22,207
1,2021-08-23,164
1,2021-08-24,169
1,2021-08-25,295
1,2021-08-26,291
1,2021-08-27,291
1,2021-08-28,292
1,2021-08-29,289
1,2021-08-30,207
1,2021-08-31,206
1,2021-09-01,201
1,2021-09-02,208
1,2021-09-03,211
1,2021-09-04,169
1,2021-09-05,169
1,2021-09-06,168
1,2021-09-07,291
1,2021-09-08,288
1,2021-09-09,207
1,2021-09-10,210
1,2021-09-11,289
1,2021-09-12,292
1,2021-09-13,286
1,2021-09-14,282
1,2021-09-15,279
1,2021-09-16,204
1,2021-09-17,282
1,2021-09-18,280
1,2021-09-19,168
1,2021-09-20,288
1,2021-09-21,288
1,2021-09-22,192
1,2021-09-23,255
1,2021-09-24,270
1,2021-09-25,286
1,2021-09-26,294
1,2021-09-27,296
1,2021-09-28,292
1,2021-09-29,295
1,2021-09-30,296
1,2021-10-01,302
1,2021-10-02,291
1,2021-10-03,287
1,2021-10-04,288
1,2021-10-05,288
1,2021-10-06,169
1,2021-10-07,249
1,2021-10-08,210
1,2021-10-09,251
1,2021-10-10,258
1,2021-10-11,261
1,2021-10-12,259
1,2021-10-13,261
1,2021-10-14,263
1,2021-10-15,285
1,2021-10-16,272
1,2021-10-17,275
1,2021-10-18,290
1,2021-10-19,293
1,2021-10-20,298
1,2021-10-21,167
1,2021-10-22,169
1,2021-10-23,172
1,2021-10-24,174
1,2021-10-25,169
1,2021-10-26,172
1,2021-10-27,171
1,2021-10-28,176
1,2021-10-29,179
1,2021-11-01,178
1,2021-11-02,171
1,2021-11-03,189
1,2021-11-04,197
1,2021-11-05,194
1,2021-11-06,185
1,2021-11-07,198
1,2021-11-08,198
1,2021-11-09,196
1,2021-11-10,196
1,2021-11-11,191
1,2021-11-12,182
1,2021-11-13,188
1,2021-11-14,160
1,2021-11-15,179
1,2021-11-16,198
1,2021-11-17,193
1,2021-11-18,196
1,2021-11-19,160
1,2021-11-20,209
1,2021-11-21,203
1,2021-11-22,204
1,2021-11-23,160
1,2021-11-24,160
1,2021-11-25,210
1,2021-11-26,194
1,2021-11-27,215
1,2021-11-28,219
1,2021-11-29,211
1,2021-11-30,228
1,2021-12-01,205
1,2021-12-02,194
1,2021-12-03,190
1,2021-12-04,192
1,2021-12-05,193
1,2021-12-06,185
1,2021-12-07,207
1,2021-12-08,160
1,2021-12-09,160
1,2021-12-10,201
1,2021-12-11,192
1,2021-12-12,160
1,2021-12-13,159
1,2021-12-14,160
1,2021-12-15,194
1,2021-12-16,186
1,2021-12-17,183
1,2021-12-18,200
1,2021-12-19,160
1,2021-12-20,160
1,2021-12-21,160
1,2021-12-22,198
1,2021-12-23,160
1,2021-12-24,160
1,2021-12-25,188
1,2021-12-26,188
1,2021-12-27,160
1,2021-12-28,187
1,2021-12-29,161
1,2021-12-30,161
1,2021-12-31,160
1,2022-01-01,159
1,2022-01-02,160
1,2022-01-03,162
1,2022-01-04,159
1,2022-01-05,161
1,2022-01-06,161
1,2022-01-07,160
1,2022-01-08,160
1,2022-01-09,190
1,2022-01-10,191
1,2022-01-11,160
1,2022-01-12,160
2,2021-04-13,160
2,2021-04-14,160
2,2021-04-15,159
2,2021-04-16,160
2,2021-04-17,159
2,2021-04-18,160
2,2021-04-19,160
2,2021-04-20,160
2,2021-04-21,160
2,2021-04-22,160
2,2021-04-23,160
2,2021-04-24,160
2,2021-04-25,160
2,2021-04-26,160
2,2021-04-27,160
2,2021-04-28,161
2,2021-04-29,159
2,2021-04-30,160
2,2021-05-01,160
2,2021-05-02,160
2,2021-05-03,160
2,2021-05-04,160
2,2021-05-05,160
2,2021-05-06,160
2,2021-05-07,160
2,2021-05-08,160
2,2021-05-09,160
2,2021-05-10,160
2,2021-05-11,161
2,2021-05-12,160
2,2021-05-13,160
2,2021-05-14,90
2,2021-05-15,88
2,2021-05-16,160
2,2021-05-17,89
2,2021-05-18,89
2,2021-05-19,89
2,2021-05-20,91
2,2021-05-21,160
2,2021-05-24,160
2,2021-05-25,160
2,2021-05-26,160
2,2021-05-27,88
2,2021-05-28,160
2,2021-05-29,160
2,2021-05-30,160
2,2021-05-31,160
2,2021-06-01,160
2,2021-06-02,160
2,2021-06-03,160
2,2021-06-04,160
2,2021-06-05,93
2,2021-06-06,96
2,2021-06-07,92
2,2021-06-08,91
2,2021-06-09,90
2,2021-06-10,160
2,2021-06-11,160
2,2021-06-12,192
2,2021-06-13,191
2,2021-06-14,186
2,2021-06-15,189
2,2021-06-16,160
2,2021-06-17,280
2,2021-06-18,283
2,2021-06-19,285
2,2021-06-20,94
2,2021-06-21,96
2,2021-06-22,275
2,2021-06-23,182
2,2021-06-24,271
2,2021-06-25,277
2,2021-06-26,264
2,2021-06-27,259
2,2021-06-28,96
2,2021-06-29,267
2,2021-06-30,269
2,2021-07-01,270
2,2021-07-02,160
2,2021-07-03,281
2,2021-07-04,280
2,2021-07-05,283
2,2021-07-06,280
2,2021-07-07,278
2,2021-07-08,278
2,2021-07-09,100
2,2021-07-10,274
2,2021-07-11,274
2,2021-07-12,272
2,2021-07-13,96
2,2021-07-14,266
2,2021-07-15,259
2,2021-07-16,254
2,2021-07-17,246
2,2021-07-18,246
2,2021-07-19,246
2,2021-07-20,249
2,2021-07-21,251
2,2021-07-22,256
2,2021-07-23,260
2,2021-07-24,257
2,2021-07-25,254
2,2021-07-26,174
2,2021-07-27,254
2,2021-07-28,255
2,2021-07-29,250
2,2021-07-30,174
2,2021-07-31,256
2,2021-08-01,251
2,2021-08-02,176
2,2021-08-03,255
2,2021-08-04,256
2,2021-08-05,256
2,2021-08-06,255
2,2021-08-07,255
2,2021-08-08,254
2,2021-08-09,256
2,2021-08-10,253
2,2021-08-11,170
2,2021-08-12,242
2,2021-08-13,247
2,2021-08-14,253
2,2021-08-15,248
2,2021-08-16,169
2,2021-08-17,171
2,2021-08-18,170
2,2021-08-19,170
2,2021-08-20,169
2,2021-08-21,170
2,2021-08-22,170
2,2021-08-23,169
2,2021-08-24,172
2,2021-08-25,248
2,2021-08-26,246
2,2021-08-27,244
2,2021-08-28,243
2,2021-08-29,243
2,2021-08-30,170
2,2021-08-31,168
2,2021-09-01,169
2,2021-09-02,174
2,2021-09-03,174
2,2021-09-04,170
2,2021-09-05,167
2,2021-09-06,169
2,2021-09-07,245
2,2021-09-08,239
2,2021-09-09,170
2,2021-09-10,171
2,2021-09-11,242
2,2021-09-12,241
2,2021-09-13,238
2,2021-09-14,238
2,2021-09-15,239
2,2021-09-16,168
2,2021-09-17,162
2,2021-09-18,166
2,2021-09-19,166
2,2021-09-20,169
2,2021-09-21,169
2,2021-09-22,173
2,2021-09-23,206
2,2021-09-24,209
2,2021-09-25,207
2,2021-09-26,167
2,2021-09-27,242
2,2021-09-28,244
2,2021-09-29,248
2,2021-09-30,251
2,2021-10-01,251
2,2021-10-02,249
2,2021-10-03,241
2,2021-10-04,240
2,2021-10-05,238
2,2021-10-06,164
2,2021-10-07,170
2,2021-10-08,241
2,2021-10-09,242
2,2021-10-10,198
2,2021-10-11,201
2,2021-10-12,198
2,2021-10-13,201
2,2021-10-14,203
2,2021-10-15,241
2,2021-10-16,239
2,2021-10-17,250
2,2021-10-18,249
2,2021-10-19,247
2,2021-10-20,255
2,2021-10-21,155
2,2021-10-22,155
2,2021-10-23,159
2,2021-10-24,160
2,2021-10-25,157
2,2021-10-26,159
2,2021-10-27,161
2,2021-10-28,163
2,2021-10-29,171
2,2021-11-01,159
2,2021-11-02,160
2,2021-11-03,162
2,2021-11-04,161
2,2021-11-05,162
2,2021-11-06,176
2,2021-11-07,182
2,2021-11-08,170
2,2021-11-09,172
2,2021-11-10,178
2,2021-11-11,175
2,2021-11-12,172
2,2021-11-13,163
2,2021-11-14,163
2,2021-11-15,176
2,2021-11-16,163
2,2021-11-17,172
2,2021-11-18,174
2,2021-11-19,160
2,2021-11-20,191
2,2021-11-21,183
2,2021-11-22,187
2,2021-11-23,160
2,2021-11-24,160
2,2021-11-25,191
2,2021-11-26,181
2,2021-11-27,160
2,2021-11-28,175
2,2021-11-29,191
2,2021-11-30,190
2,2021-12-01,186
2,2021-12-02,183
2,2021-12-03,181
2,2021-12-04,71
2,2021-12-05,189
2,2021-12-06,178
2,2021-12-07,161
2,2021-12-08,160
2,2021-12-09,161
2,2021-12-10,181
2,2021-12-11,175
2,2021-12-12,161
2,2021-12-13,162
2,2021-12-14,174
2,2021-12-15,186
2,2021-12-16,182
2,2021-12-17,180
2,2021-12-18,162
2,2021-12-19,163
2,2021-12-20,160
2,2021-12-21,160
2,2021-12-22,167
2,2021-12-23,160
2,2021-12-24,162
2,2021-12-25,168
2,2021-12-26,166
2,2021-12-27,161
2,2021-12-28,165
2,2021-12-29,162
2,2021-12-30,162
2,2021-12-31,160
2,2022-01-01,160
2,2022-01-02,158
2,2022-01-03,160
2,2022-01-04,77
2,2022-01-05,160
2,2022-01-06,162
2,2022-01-07,160
2,2022-01-08,161
2,2022-01-09,170
2,2022-01-10,184
2,2022-01-11,161
2,2022-01-12,160
3,2021-04-13,160
3,2021-04-14,160
3,2021-04-15,160
3,2021-04-16,160
3,2021-04-17,159
3,2021-04-18,160
3,2021-04-19,160
3,2021-04-20,160
3,2021-04-21,160
3,2021-04-22,160
3,2021-04-23,160
3,2021-04-24,160
3,2021-04-25,160
3,2021-04-26,160
3,2021-04-27,82
3,2021-04-28,82
3,2021-04-29,83
3,2021-04-30,160
3,2021-05-01,160
3,2021-05-02,83
3,2021-05-03,159
3,2021-05-04,160
3,2021-05-05,81
3,2021-05-06,160
3,2021-05-07,160
3,2021-05-08,160
3,2021-05-09,160
3,2021-05-10,159
3,2021-05-11,160
3,2021-05-12,160
3,2021-05-13,160
3,2021-05-14,84
3,2021-05-15,88
3,2021-05-16,160
3,2021-05-17,86
3,2021-05-18,87
3,2021-05-19,89
3,2021-05-20,86
3,2021-05-21,160
3,2021-05-24,160
3,2021-05-25,160
3,2021-05-26,87
3,2021-05-27,88
3,2021-05-28,160
3,2021-05-29,160
3,2021-05-30,160
3,2021-05-31,160
3,2021-06-01,160
3,2021-06-02,160
3,2021-06-03,160
3,2021-06-04,160
3,2021-06-05,160
3,2021-06-06,91
3,2021-06-07,91
3,2021-06-08,89
3,2021-06-09,90
3,2021-06-10,93
3,2021-06-11,159
3,2021-06-12,136
3,2021-06-13,158
3,2021-06-14,134
3,2021-06-15,90
3,2021-06-16,160
3,2021-06-17,95
3,2021-06-18,222
3,2021-06-19,90
3,2021-06-20,92
3,2021-06-21,90
3,2021-06-22,83
3,2021-06-23,93
3,2021-06-24,214
3,2021-06-25,218
3,2021-06-26,211
3,2021-06-27,91
3,2021-06-28,209
3,2021-06-29,209
3,2021-06-30,93
3,2021-07-01,217
3,2021-07-02,93
3,2021-07-03,220
3,2021-07-04,223
3,2021-07-05,223
3,2021-07-06,219
3,2021-07-07,97
3,2021-07-08,223
3,2021-07-09,219
3,2021-07-10,218
3,2021-07-11,218
3,2021-07-12,92
3,2021-07-13,91
3,2021-07-14,216
3,2021-07-15,210
3,2021-07-16,202
3,2021-07-17,199
3,2021-07-18,198
3,2021-07-19,199
3,2021-07-20,202
3,2021-07-21,206
3,2021-07-22,210
3,2021-07-23,211
3,2021-07-24,211
3,2021-07-25,207
3,2021-07-26,129
3,2021-07-27,208
3,2021-07-28,207
3,2021-07-29,204
3,2021-07-30,132
3,2021-07-31,209
3,2021-08-01,206
3,2021-08-02,129
3,2021-08-03,209
3,2021-08-04,207
3,2021-08-05,211
3,2021-08-06,215
3,2021-08-07,213
3,2021-08-08,210
3,2021-08-09,211
3,2021-08-10,135
3,2021-08-11,128
3,2021-08-12,199
3,2021-08-13,203
3,2021-08-14,204
3,2021-08-15,202
3,2021-08-16,200
3,2021-08-17,128
3,2021-08-18,132
3,2021-08-19,130
3,2021-08-20,128
3,2021-08-21,200
3,2021-08-22,140
3,2021-08-23,127
3,2021-08-24,127
3,2021-08-25,202
3,2021-08-26,201
3,2021-08-27,202
3,2021-08-28,199
3,2021-08-29,200
3,2021-08-30,158
3,2021-08-31,154
3,2021-09-01,150
3,2021-09-02,149
3,2021-09-03,165
3,2021-09-04,154
3,2021-09-05,201
3,2021-09-06,123
3,2021-09-07,201
3,2021-09-08,198
3,2021-09-09,151
3,2021-09-10,154
3,2021-09-11,201
3,2021-09-12,198
3,2021-09-13,197
3,2021-09-14,197
3,2021-09-15,192
3,2021-09-16,150
3,2021-09-17,192
3,2021-09-18,151
3,2021-09-19,151
3,2021-09-20,200
3,2021-09-21,153
3,2021-09-22,150
3,2021-09-23,156
3,2021-09-24,158
3,2021-09-25,166
3,2021-09-26,198
3,2021-09-27,198
3,2021-09-28,199
3,2021-09-29,199
3,2021-09-30,203
3,2021-10-01,207
3,2021-10-02,204
3,2021-10-03,197
3,2021-10-04,196
3,2021-10-05,196
3,2021-10-06,151
3,2021-10-07,152
3,2021-10-08,198
3,2021-10-09,152
3,2021-10-10,152
3,2021-10-11,156
3,2021-10-12,153
3,2021-10-13,151
3,2021-10-14,152
3,2021-10-15,196
3,2021-10-16,154
3,2021-10-17,163
3,2021-10-18,202
3,2021-10-19,203
3,2021-10-20,202
3,2021-10-21,130
3,2021-10-22,132
3,2021-10-23,132
3,2021-10-24,134
3,2021-10-25,132
3,2021-10-26,133
3,2021-10-27,135
3,2021-10-28,139
3,2021-10-29,144
3,2021-11-01,139
3,2021-11-02,137
3,2021-11-03,150
3,2021-11-04,156
3,2021-11-05,161
3,2021-11-06,155
3,2021-11-07,154
3,2021-11-08,149
3,2021-11-09,147
3,2021-11-10,149
3,2021-11-11,150
3,2021-11-12,150
3,2021-11-13,154
3,2021-11-14,158
3,2021-11-15,160
3,2021-11-16,160
3,2021-11-17,159
3,2021-11-18,148
3,2021-11-19,160
3,2021-11-20,158
3,2021-11-21,150
3,2021-11-22,153
3,2021-11-23,157
3,2021-11-24,160
3,2021-11-25,162
3,2021-11-26,161
3,2021-11-27,159
3,2021-11-28,157
3,2021-11-29,159
3,2021-11-30,157
3,2021-12-01,153
3,2021-12-02,152
3,2021-12-03,155
3,2021-12-04,154
3,2021-12-05,162
3,2021-12-06,153
3,2021-12-07,161
3,2021-12-08,161
3,2021-12-09,160
3,2021-12-10,155
3,2021-12-11,141
3,2021-12-12,157
3,2021-12-13,158
3,2021-12-14,154
3,2021-12-15,155
3,2021-12-16,153
3,2021-12-17,150
3,2021-12-18,152
3,2021-12-19,158
3,2021-12-20,159
3,2021-12-21,159
3,2021-12-22,156
3,2021-12-23,160
3,2021-12-24,153
3,2021-12-25,143
3,2021-12-26,152
3,2021-12-27,158
3,2021-12-28,152
3,2021-12-29,159
3,2021-12-30,159
3,2021-12-31,159
3,2022-01-01,160
3,2022-01-02,120
3,2022-01-03,160
3,2022-01-04,160
3,2022-01-05,160
3,2022-01-06,157
3,2022-01-07,160
3,2022-01-08,157
3,2022-01-09,153
3,2022-01-10,157
3,2022-01-11,160
3,2022-01-12,160
4,2021-04-13,160
4,2021-04-14,160
4,2021-04-15,160
4,2021-04-16,160
4,2021-04-17,160
4,2021-04-18,160
4,2021-04-19,160
4,2021-04-20,160
4,2021-04-21,160
4,2021-04-22,160
4,2021-04-23,160
4,2021-04-24,160
4,2021-04-25,160
4,2021-04-26,160
4,2021-04-27,160
4,2021-04-28,160
4,2021-04-29,160
4,2021-04-30,160
4,2021-05-01,160
4,2021-05-02,160
4,2021-05-03,160
4,2021-05-04,160
4,2021-05-05,160
4,2021-05-06,160
4,2021-05-07,160
4,2021-05-08,160
4,2021-05-09,160
4,2021-05-10,160
4,2021-05-11,160
4,2021-05-12,160
4,2021-05-13,160
4,2021-05-14,160
4,2021-05-15,160
4,2021-05-16,160
4,2021-05-17,160
4,2021-05-18,160
4,2021-05-19,90
4,2021-05-20,89
4,2021-05-21,158
4,2021-05-24,160
4,2021-05-25,162
4,2021-05-26,164
4,2021-05-27,160
4,2021-05-28,160
4,2021-05-29,160
4,2021-05-30,160
4,2021-05-31,162
4,2021-06-01,160
4,2021-06-02,160
4,2021-06-03,160
4,2021-06-04,160
4,2021-06-05,94
4,2021-06-06,268
4,2021-06-07,264
4,2021-06-08,160
4,2021-06-09,160
4,2021-06-10,160
4,2021-06-11,160
4,2021-06-12,200
4,2021-06-13,203
4,2021-06-14,195
4,2021-06-15,195
4,2021-06-16,160
4,2021-06-17,272
4,2021-06-18,274
4,2021-06-19,269
4,2021-06-20,268
4,2021-06-21,264
4,2021-06-22,270
4,2021-06-23,261
4,2021-06-24,268
4,2021-06-25,269
4,2021-06-26,261
4,2021-06-27,251
4,2021-06-28,257
4,2021-06-29,261
4,2021-06-30,265
4,2021-07-01,268
4,2021-07-02,160
4,2021-07-03,279
4,2021-07-04,277
4,2021-07-05,208
4,2021-07-06,277
4,2021-07-07,274
4,2021-07-08,275
4,2021-07-09,273
4,2021-07-10,270
4,2021-07-11,268
4,2021-07-12,268
4,2021-07-13,268
4,2021-07-14,264
4,2021-07-15,261
4,2021-07-16,255
4,2021-07-17,244
4,2021-07-18,247
4,2021-07-19,249
4,2021-07-20,251
4,2021-07-21,260
4,2021-07-22,262
4,2021-07-23,268
4,2021-07-24,262
4,2021-07-25,256
4,2021-07-26,194
4,2021-07-27,259
4,2021-07-28,257
4,2021-07-29,257
4,2021-07-30,197
4,2021-07-31,261
4,2021-08-01,258
4,2021-08-02,195
4,2021-08-03,264
4,2021-08-04,260
4,2021-08-05,259
4,2021-08-06,259
4,2021-08-07,261
4,2021-08-08,259
4,2021-08-09,259
4,2021-08-10,197
4,2021-08-11,187
4,2021-08-12,241
4,2021-08-13,246
4,2021-08-14,248
4,2021-08-15,250
4,2021-08-16,249
4,2021-08-17,189
4,2021-08-18,190
4,2021-08-19,189
4,2021-08-20,148
4,2021-08-21,246
4,2021-08-22,189
4,2021-08-23,189
4,2021-08-24,157
4,2021-08-25,250
4,2021-08-26,248
4,2021-08-27,250
4,2021-08-28,247
4,2021-08-29,245
4,2021-08-30,190
4,2021-08-31,190
4,2021-09-01,187
4,2021-09-02,191
4,2021-09-03,190
4,2021-09-04,190
4,2021-09-05,147
4,2021-09-06,158
4,2021-09-07,245
4,2021-09-08,241
4,2021-09-09,190
4,2021-09-10,193
4,2021-09-11,245
4,2021-09-12,244
4,2021-09-13,241
4,2021-09-14,240
4,2021-09-15,238
4,2021-09-16,189
4,2021-09-17,186
4,2021-09-18,184
4,2021-09-19,183
4,2021-09-20,196
4,2021-09-21,195
4,2021-09-22,195
4,2021-09-23,208
4,2021-09-24,209
4,2021-09-25,207
4,2021-09-26,244
4,2021-09-27,245
4,2021-09-28,240
4,2021-09-29,244
4,2021-09-30,248
4,2021-10-01,251
4,2021-10-02,251
4,2021-10-03,241
4,2021-10-04,240
4,2021-10-05,241
4,2021-10-06,185
4,2021-10-07,194
4,2021-10-08,242
4,2021-10-09,201
4,2021-10-10,206
4,2021-10-11,213
4,2021-10-12,207
4,2021-10-13,207
4,2021-10-14,209
4,2021-10-15,238
4,2021-10-16,200
4,2021-10-17,217
4,2021-10-18,246
4,2021-10-19,248
4,2021-10-20,249
4,2021-10-21,151
4,2021-10-22,151
4,2021-10-23,154
4,2021-10-24,151
4,2021-10-25,151
4,2021-10-26,152
4,2021-10-27,155
4,2021-10-28,156
4,2021-10-29,166
4,2021-11-01,161
4,2021-11-02,163
4,2021-11-03,167
4,2021-11-04,167
4,2021-11-05,198
4,2021-11-06,180
4,2021-11-07,184
4,2021-11-08,172
4,2021-11-09,181
4,2021-11-10,174
4,2021-11-11,170
4,2021-11-12,169
4,2021-11-13,165
4,2021-11-14,164
4,2021-11-15,177
4,2021-11-16,179
4,2021-11-17,181
4,2021-11-18,179
4,2021-11-19,160
4,2021-11-20,160
4,2021-11-21,181
4,2021-11-22,180
4,2021-11-23,160
4,2021-11-24,163
4,2021-11-25,184
4,2021-11-26,183
4,2021-11-27,160
4,2021-11-28,187
4,2021-11-29,189
4,2021-11-30,193
4,2021-12-01,176
4,2021-12-02,174
4,2021-12-03,172
4,2021-12-04,171
4,2021-12-05,184
4,2021-12-06,173
4,2021-12-07,160
4,2021-12-08,160
4,2021-12-09,160
4,2021-12-10,190
4,2021-12-11,166
4,2021-12-12,160
4,2021-12-13,163
4,2021-12-14,161
4,2021-12-15,168
4,2021-12-16,174
4,2021-12-17,171
4,2021-12-18,165
4,2021-12-19,164
4,2021-12-20,160
4,2021-12-21,161
4,2021-12-22,164
4,2021-12-23,160
4,2021-12-24,176
4,2021-12-25,169
4,2021-12-26,165
4,2021-12-27,160
4,2021-12-28,163
4,2021-12-29,161
4,2021-12-30,160
4,2021-12-31,159
4,2022-01-01,155
4,2022-01-02,151
4,2022-01-03,159
4,2022-01-04,70
4,2022-01-05,160
4,2022-01-06,161
4,2022-01-07,161
4,2022-01-08,161
4,2022-01-09,166
4,2022-01-10,162
4,2022-01-11,160
4,2022-01-12,160
5,2021-04-13,160
5,2021-04-14,160
5,2021-04-15,160
5,2021-04-16,160
5,2021-04-17,159
5,2021-04-18,160
5,2021-04-19,160
5,2021-04-20,160
5,2021-04-21,160
5,2021-04-22,160
5,2021-04-23,160
5,2021-04-24,160
5,2021-04-25,160
5,2021-04-26,160
5,2021-04-27,160
5,2021-04-28,160
5,2021-04-29,160
5,2021-04-30,160
5,2021-05-01,160
5,2021-05-02,160
5,2021-05-03,160
5,2021-05-04,160
5,2021-05-05,160
5,2021-05-06,160
5,2021-05-07,160
5,2021-05-08,160
5,2021-05-09,160
5,2021-05-10,160
5,2021-05-11,160
5,2021-05-12,160
5,2021-05-13,160
5,2021-05-14,160
5,2021-05-15,160
5,2021-05-16,160
5,2021-05-17,160
5,2021-05-18,160
5,2021-05-19,160
5,2021-05-20,160
5,2021-05-21,160
5,2021-05-24,160
5,2021-05-25,160
5,2021-05-26,160
5,2021-05-27,160
5,2021-05-28,160
5,2021-05-29,160
5,2021-05-30,160
5,2021-05-31,160
5,2021-06-01,160
5,2021-06-02,160
5,2021-06-03,160
5,2021-06-04,160
5,2021-06-05,89
5,2021-06-06,160
5,2021-06-07,84
5,2021-06-08,160
5,2021-06-09,160
5,2021-06-10,160
5,2021-06-11,160
5,2021-06-12,160
5,2021-06-13,160
5,2021-06-14,160
5,2021-06-15,160
5,2021-06-16,160
5,2021-06-17,160
5,2021-06-18,160
5,2021-06-19,160
5,2021-06-20,86
5,2021-06-21,160
5,2021-06-22,160
5,2021-06-23,160
5,2021-06-24,160
5,2021-06-25,160
5,2021-06-26,160
5,2021-06-27,160
5,2021-06-28,87
5,2021-06-29,89
5,2021-06-30,89
5,2021-07-01,160
5,2021-07-02,160
5,2021-07-03,160
5,2021-07-04,160
5,2021-07-05,160
5,2021-07-06,90
5,2021-07-07,159
5,2021-07-08,159
5,2021-07-09,160
5,2021-07-10,160
5,2021-07-11,160
5,2021-07-12,160
5,2021-07-13,89
5,2021-07-14,160
5,2021-07-15,90
5,2021-07-16,89
5,2021-07-17,82
5,2021-07-18,160
5,2021-07-19,376
5,2021-07-20,373
5,2021-07-21,162
5,2021-07-22,160
5,2021-07-23,160
5,2021-07-24,160
5,2021-07-25,160
5,2021-07-26,90
5,2021-07-27,90
5,2021-07-28,87
5,2021-07-29,162
5,2021-07-30,90
5,2021-07-31,160
5,2021-08-01,160
5,2021-08-02,161
5,2021-08-03,160
5,2021-08-04,160
5,2021-08-05,161
5,2021-08-06,89
5,2021-08-07,160
5,2021-08-08,161
5,2021-08-09,162
5,2021-08-10,80
5,2021-08-11,170
5,2021-08-12,87
5,2021-08-13,88
5,2021-08-14,84
5,2021-08-15,159
5,2021-08-16,83
5,2021-08-17,88
5,2021-08-18,91
5,2021-08-19,91
5,2021-08-20,86
5,2021-08-21,83
5,2021-08-22,90
5,2021-08-23,170
5,2021-08-24,89
5,2021-08-25,88
5,2021-08-26,90
5,2021-08-27,88
5,2021-08-28,86
5,2021-08-29,89
5,2021-08-30,89
5,2021-08-31,158
5,2021-09-01,170
5,2021-09-02,175
5,2021-09-03,112
5,2021-09-04,172
5,2021-09-05,90
5,2021-09-06,91
5,2021-09-07,88
5,2021-09-08,89
5,2021-09-09,159
5,2021-09-10,166
5,2021-09-11,92
5,2021-09-12,88
5,2021-09-13,90
5,2021-09-14,89
5,2021-09-15,91
5,2021-09-16,159
5,2021-09-17,159
5,2021-09-18,168
5,2021-09-19,93
5,2021-09-20,162
5,2021-09-21,172
5,2021-09-22,172
5,2021-09-23,160
5,2021-09-24,162
5,2021-09-25,160
5,2021-09-26,160
5,2021-09-27,160
5,2021-09-28,88
5,2021-09-29,160
5,2021-09-30,160
5,2021-10-01,160
5,2021-10-02,160
5,2021-10-03,89
5,2021-10-04,160
5,2021-10-05,160
5,2021-10-06,160
5,2021-10-07,161
5,2021-10-08,159
5,2021-10-09,160
5,2021-10-10,161
5,2021-10-11,160
5,2021-10-12,161
5,2021-10-13,161
5,2021-10-14,90
5,2021-10-15,160
5,2021-10-16,160
5,2021-10-17,160
5,2021-10-18,159
5,2021-10-19,160
5,2021-10-20,158
5,2021-10-21,82
5,2021-10-22,161
5,2021-10-23,160
5,2021-10-24,160
5,2021-10-25,159
5,2021-10-26,159
5,2021-10-27,160
5,2021-10-28,160
5,2021-10-29,160
5,2021-11-01,108
5,2021-11-02,160
5,2021-11-03,160
5,2021-11-04,160
5,2021-11-05,160
5,2021-11-06,160
5,2021-11-07,160
5,2021-11-08,160
5,2021-11-09,159
5,2021-11-10,160
5,2021-11-11,160
5,2021-11-12,160
5,2021-11-13,160
5,2021-11-14,160
5,2021-11-15,160
5,2021-11-16,158
5,2021-11-17,159
5,2021-11-18,160
5,2021-11-19,160
5,2021-11-20,160
5,2021-11-21,160
5,2021-11-22,161
5,2021-11-23,160
5,2021-11-24,160
5,2021-11-25,160
5,2021-11-26,160
5,2021-11-27,160
5,2021-11-28,160
5,2021-11-29,160
5,2021-11-30,160
5,2021-12-01,160
5,2021-12-02,160
5,2021-12-03,160
5,2021-12-04,70
5,2021-12-05,160
5,2021-12-06,160
5,2021-12-07,160
5,2021-12-08,160
5,2021-12-09,160
5,2021-12-10,160
5,2021-12-11,160
5,2021-12-12,160
5,2021-12-13,160
5,2021-12-14,160
5,2021-12-15,160
5,2021-12-16,161
5,2021-12-17,160
5,2021-12-18,160
5,2021-12-19,160
5,2021-12-20,160
5,2021-12-21,160
5,2021-12-22,160
5,2021-12-23,160
5,2021-12-24,160
5,2021-12-25,160
5,2021-12-26,160
5,2021-12-27,160
5,2021-12-28,160
5,2021-12-29,160
5,2021-12-30,160
5,2021-12-31,160
5,2022-01-01,160
5,2022-01-02,161
5,2022-01-03,160
5,2022-01-04,161
5,2022-01-05,160
5,2022-01-06,160
5,2022-01-07,160
5,2022-01-08,160
5,2022-01-09,160
5,2022-01-10,160
5,2022-01-11,160
5,2022-01-12,160
6,2021-04-13,160
6,2021-04-14,160
6,2021-04-15,160
6,2021-04-16,160
6,2021-04-17,160
6,2021-04-18,160
6,2021-04-19,160
6,2021-04-20,160
6,2021-04-21,160
6,2021-04-22,160
6,2021-04-23,160
6,2021-04-24,160
6,2021-04-25,160
6,2021-04-26,160
6,2021-04-27,160
6,2021-04-28,159
6,2021-04-29,160
6,2021-04-30,160
6,2021-05-01,160
6,2021-05-02,160
6,2021-05-03,160
6,2021-05-04,160
6,2021-05-05,160
6,2021-05-06,160
6,2021-05-07,160
6,2021-05-08,160
6,2021-05-09,160
6,2021-05-10,157
6,2021-05-11,160
6,2021-05-12,160
6,2021-05-13,160
6,2021-05-14,160
6,2021-05-15,160
6,2021-05-16,160
6,2021-05-17,89
6,2021-05-18,160
6,2021-05-19,88
6,2021-05-20,87
6,2021-05-21,162
6,2021-05-24,160
6,2021-05-25,160
6,2021-05-26,160
6,2021-05-27,160
6,2021-05-28,160
6,2021-05-29,160
6,2021-05-30,160
6,2021-05-31,160
6,2021-06-01,160
6,2021-06-02,160
6,2021-06-03,160
6,2021-06-04,160
6,2021-06-05,97
6,2021-06-06,160
6,2021-06-07,92
6,2021-06-08,89
6,2021-06-09,160
6,2021-06-10,160
6,2021-06-11,142
6,2021-06-12,137
6,2021-06-13,134
6,2021-06-14,131
6,2021-06-15,130
6,2021-06-16,180
6,2021-06-17,187
6,2021-06-18,188
6,2021-06-19,189
6,2021-06-20,182
6,2021-06-21,180
6,2021-06-22,180
6,2021-06-23,164
6,2021-06-24,185
6,2021-06-25,184
6,2021-06-26,182
6,2021-06-27,179
6,2021-06-28,179
6,2021-06-29,182
6,2021-06-30,184
6,2021-07-01,186
6,2021-07-02,160
6,2021-07-03,190
6,2021-07-04,191
6,2021-07-05,190
6,2021-07-06,188
6,2021-07-07,191
6,2021-07-08,189
6,2021-07-09,188
6,2021-07-10,186
6,2021-07-11,187
6,2021-07-12,186
6,2021-07-13,188
6,2021-07-14,182
6,2021-07-15,187
6,2021-07-16,181
6,2021-07-17,174
6,2021-07-18,174
6,2021-07-19,176
6,2021-07-20,176
6,2021-07-21,176
6,2021-07-22,179
6,2021-07-23,179
6,2021-07-24,181
6,2021-07-25,172
6,2021-07-26,124
6,2021-07-27,178
6,2021-07-28,177
6,2021-07-29,175
6,2021-07-30,129
6,2021-07-31,180
6,2021-08-01,173
6,2021-08-02,125
6,2021-08-03,178
6,2021-08-04,179
6,2021-08-05,179
6,2021-08-06,179
6,2021-08-07,177
6,2021-08-08,177
6,2021-08-09,178
6,2021-08-10,132
6,2021-08-11,123
6,2021-08-12,171
6,2021-08-13,173
6,2021-08-14,173
6,2021-08-15,175
6,2021-08-16,174
6,2021-08-17,124
6,2021-08-18,125
6,2021-08-19,128
6,2021-08-20,121
6,2021-08-21,171
6,2021-08-22,127
6,2021-08-23,122
6,2021-08-24,121
6,2021-08-25,175
6,2021-08-26,170
6,2021-08-27,171
6,2021-08-28,174
6,2021-08-29,172
6,2021-08-30,128
6,2021-08-31,121
6,2021-09-01,124
6,2021-09-02,146
6,2021-09-03,145
6,2021-09-04,126
6,2021-09-05,171
6,2021-09-06,120
6,2021-09-07,174
6,2021-09-08,170
6,2021-09-09,125
6,2021-09-10,125
6,2021-09-11,173
6,2021-09-12,170
6,2021-09-13,170
6,2021-09-14,169
6,2021-09-15,167
6,2021-09-16,144
6,2021-09-17,167
6,2021-09-18,164
6,2021-09-19,126
6,2021-09-20,170
6,2021-09-21,140
6,2021-09-22,144
6,2021-09-23,148
6,2021-09-24,148
6,2021-09-25,150
6,2021-09-26,170
6,2021-09-27,171
6,2021-09-28,170
6,2021-09-29,172
6,2021-09-30,174
6,2021-10-01,176
6,2021-10-02,175
6,2021-10-03,171
6,2021-10-04,171
6,2021-10-05,169
6,2021-10-06,128
6,2021-10-07,130
6,2021-10-08,151
6,2021-10-09,145
6,2021-10-10,145
6,2021-10-11,145
6,2021-10-12,145
6,2021-10-13,142
6,2021-10-14,143
6,2021-10-15,164
6,2021-10-16,144
6,2021-10-17,147
6,2021-10-18,171
6,2021-10-19,171
6,2021-10-20,172
6,2021-10-21,121
6,2021-10-22,121
6,2021-10-23,121
6,2021-10-24,120
6,2021-10-25,120
6,2021-10-26,119
6,2021-10-27,121
6,2021-10-28,122
6,2021-10-29,124
6,2021-11-01,123
6,2021-11-02,126
6,2021-11-03,134
6,2021-11-04,144
6,2021-11-05,142
6,2021-11-06,131
6,2021-11-07,136
6,2021-11-08,134
6,2021-11-09,132
6,2021-11-10,135
6,2021-11-11,134
6,2021-11-12,136
6,2021-11-13,136
6,2021-11-14,160
6,2021-11-15,131
6,2021-11-16,136
6,2021-11-17,133
6,2021-11-18,131
6,2021-11-19,158
6,2021-11-20,150
6,2021-11-21,140
6,2021-11-22,142
6,2021-11-23,158
6,2021-11-24,157
6,2021-11-25,146
6,2021-11-26,143
6,2021-11-27,155
6,2021-11-28,143
6,2021-11-29,143
6,2021-11-30,145
6,2021-12-01,141
6,2021-12-02,139
6,2021-12-03,141
6,2021-12-04,69
6,2021-12-05,143
6,2021-12-06,138
6,2021-12-07,159
6,2021-12-08,157
6,2021-12-09,158
6,2021-12-10,139
6,2021-12-11,133
6,2021-12-12,158
6,2021-12-13,158
6,2021-12-14,142
6,2021-12-15,144
6,2021-12-16,140
6,2021-12-17,140
6,2021-12-18,150
6,2021-12-19,156
6,2021-12-20,160
6,2021-12-21,160
6,2021-12-22,150
6,2021-12-23,158
6,2021-12-24,157
6,2021-12-25,133
6,2021-12-26,141
6,2021-12-27,160
6,2021-12-28,130
6,2021-12-29,160
6,2021-12-30,160
6,2021-12-31,160
6,2022-01-01,160
6,2022-01-02,110
6,2022-01-03,160
6,2022-01-04,160
6,2022-01-05,160
6,2022-01-06,160
6,2022-01-07,160
6,2022-01-08,159
6,2022-01-09,141
6,2022-01-10,156
6,2022-01-11,159
6,2022-01-12,160
7,2021-04-13,160
7,2021-04-14,160
7,2021-04-15,161
7,2021-04-16,161
7,2021-04-17,160
7,2021-04-18,160
7,2021-04-19,160
7,2021-04-20,160
7,2021-04-21,160
7,2021-04-22,160
7,2021-04-23,160
7,2021-04-24,160
7,2021-04-25,160
7,2021-04-26,160
7,2021-04-27,160
7,2021-04-28,160
7,2021-04-29,160
7,2021-04-30,160
7,2021-05-01,160
7,2021-05-02,160
7,2021-05-03,160
7,2021-05-04,160
7,2021-05-05,160
7,2021-05-06,160
7,2021-05-07,160
7,2021-05-08,160
7,2021-05-09,160
7,2021-05-10,160
7,2021-05-11,160
7,2021-05-12,160
7,2021-05-13,160
7,2021-05-14,160
7,2021-05-15,160
7,2021-05-16,160
7,2021-05-17,160
7,2021-05-18,160
7,2021-05-19,160
7,2021-05-20,159
7,2021-05-21,160
7,2021-05-24,160
7,2021-05-25,160
7,2021-05-26,184
7,2021-05-27,160
7,2021-05-28,160
7,2021-05-29,160
7,2021-05-30,160
7,2021-05-31,160
7,2021-06-01,160
7,2021-06-02,160
7,2021-06-03,160
7,2021-06-04,160
7,2021-06-05,96
7,2021-06-06,98
7,2021-06-07,93
7,2021-06-08,256
7,2021-06-09,160
7,2021-06-10,160
7,2021-06-11,232
7,2021-06-12,222
7,2021-06-13,218
7,2021-06-14,214
7,2021-06-15,209
7,2021-06-16,213
7,2021-06-17,160
7,2021-06-18,160
7,2021-06-19,160
7,2021-06-20,95
7,2021-06-21,97
7,2021-06-22,231
7,2021-06-23,153
7,2021-06-24,246
7,2021-06-25,246
7,2021-06-26,202
7,2021-06-27,195
7,2021-06-28,92
7,2021-06-29,238
7,2021-06-30,240
7,2021-07-01,247
7,2021-07-02,160
7,2021-07-03,160
7,2021-07-04,253
7,2021-07-05,212
7,2021-07-06,212
7,2021-07-07,97
7,2021-07-08,253
7,2021-07-09,250
7,2021-07-10,245
7,2021-07-11,247
7,2021-07-12,203
7,2021-07-13,99
7,2021-07-14,242
7,2021-07-15,91
7,2021-07-16,226
7,2021-07-17,94
7,2021-07-18,223
7,2021-07-19,220
7,2021-07-20,226
7,2021-07-21,189
7,2021-07-22,232
7,2021-07-23,236
7,2021-07-24,235
7,2021-07-25,197
7,2021-07-26,190
7,2021-07-27,231
7,2021-07-28,229
7,2021-07-29,189
7,2021-07-30,192
7,2021-07-31,231
7,2021-08-01,191
7,2021-08-02,192
7,2021-08-03,193
7,2021-08-04,227
7,2021-08-05,232
7,2021-08-06,232
7,2021-08-07,231
7,2021-08-08,231
7,2021-08-09,231
7,2021-08-10,193
7,2021-08-11,182
7,2021-08-12,180
7,2021-08-13,93
7,2021-08-14,92
7,2021-08-15,227
7,2021-08-16,187
7,2021-08-17,186
7,2021-08-18,187
7,2021-08-19,188
7,2021-08-20,186
7,2021-08-21,187
7,2021-08-22,183
7,2021-08-23,187
7,2021-08-24,140
7,2021-08-25,92
7,2021-08-26,91
7,2021-08-27,223
7,2021-08-28,225
7,2021-08-29,220
7,2021-08-30,188
7,2021-08-31,188
7,2021-09-01,185
7,2021-09-02,191
7,2021-09-03,190
7,2021-09-04,187
7,2021-09-05,141
7,2021-09-06,139
7,2021-09-07,141
7,2021-09-08,191
7,2021-09-09,189
7,2021-09-10,185
7,2021-09-11,221
7,2021-09-12,223
7,2021-09-13,143
7,2021-09-14,218
7,2021-09-15,187
7,2021-09-16,187
7,2021-09-17,188
7,2021-09-18,187
7,2021-09-19,187
7,2021-09-20,193
7,2021-09-21,191
7,2021-09-22,189
7,2021-09-23,195
7,2021-09-24,200
7,2021-09-25,200
7,2021-09-26,147
7,2021-09-27,223
7,2021-09-28,219
7,2021-09-29,222
7,2021-09-30,226
7,2021-10-01,231
7,2021-10-02,227
7,2021-10-03,219
7,2021-10-04,218
7,2021-10-05,219
7,2021-10-06,144
7,2021-10-07,189
7,2021-10-08,189
7,2021-10-09,191
7,2021-10-10,193
7,2021-10-11,196
7,2021-10-12,197
7,2021-10-13,194
7,2021-10-14,194
7,2021-10-15,144
7,2021-10-16,167
7,2021-10-17,205
7,2021-10-18,225
7,2021-10-19,227
7,2021-10-20,226
7,2021-10-21,139
7,2021-10-22,140
7,2021-10-23,142
7,2021-10-24,140
7,2021-10-25,140
7,2021-10-26,131
7,2021-10-27,138
7,2021-10-28,146
7,2021-10-29,152
7,2021-11-01,149
7,2021-11-02,149
7,2021-11-03,160
7,2021-11-04,164
7,2021-11-05,166
7,2021-11-06,167
7,2021-11-07,161
7,2021-11-08,158
7,2021-11-09,153
7,2021-11-10,162
7,2021-11-11,160
7,2021-11-12,157
7,2021-11-13,160
7,2021-11-14,161
7,2021-11-15,165
7,2021-11-16,165
7,2021-11-17,167
7,2021-11-18,158
7,2021-11-19,160
7,2021-11-20,162
7,2021-11-21,166
7,2021-11-22,165
7,2021-11-23,160
7,2021-11-24,163
7,2021-11-25,169
7,2021-11-26,164
7,2021-11-27,162
7,2021-11-28,167
7,2021-11-29,164
7,2021-11-30,186
7,2021-12-01,162
7,2021-12-02,162
7,2021-12-03,162
7,2021-12-04,70
7,2021-12-05,174
7,2021-12-06,161
7,2021-12-07,160
7,2021-12-08,161
7,2021-12-09,161
7,2021-12-10,160
7,2021-12-11,148
7,2021-12-12,160
7,2021-12-13,161
7,2021-12-14,161
7,2021-12-15,162
7,2021-12-16,160
7,2021-12-17,161
7,2021-12-18,160
7,2021-12-19,162
7,2021-12-20,160
7,2021-12-21,160
7,2021-12-22,161
7,2021-12-23,160
7,2021-12-24,160
7,2021-12-25,155
7,2021-12-26,160
7,2021-12-27,160
7,2021-12-28,159
7,2021-12-29,157
7,2021-12-30,159
7,2021-12-31,160
7,2022-01-01,160
7,2022-01-02,119
7,2022-01-03,157
7,2022-01-04,148
7,2022-01-05,160
7,2022-01-06,160
7,2022-01-07,160
7,2022-01-08,160
7,2022-01-09,160
7,2022-01-10,160
7,2022-01-11,160
7,2022-01-12,160
8,2021-04-13,160
8,2021-04-14,160
8,2021-04-15,159
8,2021-04-16,159
8,2021-04-17,159
8,2021-04-18,160
8,2021-04-19,160
8,2021-04-20,160
8,2021-04-21,160
8,2021-04-22,160
8,2021-04-23,159
8,2021-04-24,160
8,2021-04-25,160
8,2021-04-26,160
8,2021-04-27,160
8,2021-04-28,160
8,2021-04-29,160
8,2021-04-30,160
8,2021-05-01,160
8,2021-05-02,160
8,2021-05-03,160
8,2021-05-04,160
8,2021-05-05,160
8,2021-05-06,160
8,2021-05-07,160
8,2021-05-08,160
8,2021-05-09,160
8,2021-05-10,160
8,2021-05-11,160
8,2021-05-12,160
8,2021-05-13,160
8,2021-05-14,84
8,2021-05-15,88
8,2021-05-16,160
8,2021-05-17,87
8,2021-05-18,88
8,2021-05-19,88
8,2021-05-20,88
8,2021-05-21,160
8,2021-05-24,160
8,2021-05-25,160
8,2021-05-26,160
8,2021-05-27,90
8,2021-05-28,160
8,2021-05-29,160
8,2021-05-30,160
8,2021-05-31,159
8,2021-06-01,160
8,2021-06-02,160
8,2021-06-03,160
8,2021-06-04,160
8,2021-06-05,160
8,2021-06-06,160
8,2021-06-07,95
8,2021-06-08,90
8,2021-06-09,94
8,2021-06-10,160
8,2021-06-11,165
8,2021-06-12,174
8,2021-06-13,175
8,2021-06-14,167
8,2021-06-15,169
8,2021-06-16,163
8,2021-06-17,98
8,2021-06-18,160
8,2021-06-19,97
8,2021-06-20,97
8,2021-06-21,96
8,2021-06-22,160
8,2021-06-23,93
8,2021-06-24,95
8,2021-06-25,96
8,2021-06-26,94
8,2021-06-27,93
8,2021-06-28,161
8,2021-06-29,160
8,2021-06-30,160
8,2021-07-01,94
8,2021-07-02,160
8,2021-07-03,160
8,2021-07-04,105
8,2021-07-05,172
8,2021-07-06,166
8,2021-07-07,96
8,2021-07-08,96
8,2021-07-09,160
8,2021-07-10,97
8,2021-07-11,93
8,2021-07-12,160
8,2021-07-13,161
8,2021-07-14,97
8,2021-07-15,160
8,2021-07-16,160
8,2021-07-17,161
8,2021-07-18,94
8,2021-07-19,161
8,2021-07-20,185
8,2021-07-21,165
8,2021-07-22,165
8,2021-07-23,195
8,2021-07-24,199
8,2021-07-25,171
8,2021-07-26,170
8,2021-07-27,160
8,2021-07-28,191
8,2021-07-29,167
8,2021-07-30,165
8,2021-07-31,191
8,2021-08-01,164
8,2021-08-02,163
8,2021-08-03,163
8,2021-08-04,96
8,2021-08-05,94
8,2021-08-06,195
8,2021-08-07,161
8,2021-08-08,100
8,2021-08-09,97
8,2021-08-10,162
8,2021-08-11,161
8,2021-08-12,158
8,2021-08-13,92
8,2021-08-14,95
8,2021-08-15,92
8,2021-08-16,163
8,2021-08-17,162
8,2021-08-18,164
8,2021-08-19,159
8,2021-08-20,162
8,2021-08-21,164
8,2021-08-22,161
8,2021-08-23,161
8,2021-08-24,161
8,2021-08-25,160
8,2021-08-26,92
8,2021-08-27,160
8,2021-08-28,161
8,2021-08-29,91
8,2021-08-30,163
8,2021-08-31,162
8,2021-09-01,160
8,2021-09-02,165
8,2021-09-03,166
8,2021-09-04,164
8,2021-09-05,161
8,2021-09-06,160
8,2021-09-07,162
8,2021-09-08,162
8,2021-09-09,162
8,2021-09-10,161
8,2021-09-11,190
8,2021-09-12,91
8,2021-09-13,97
8,2021-09-14,95
8,2021-09-15,94
8,2021-09-16,161
8,2021-09-17,160
8,2021-09-18,80
8,2021-09-19,161
8,2021-09-20,162
8,2021-09-21,161
8,2021-09-22,142
8,2021-09-23,138
8,2021-09-24,169
8,2021-09-25,166
8,2021-09-26,161
8,2021-09-27,187
8,2021-09-28,60
8,2021-09-29,190
8,2021-09-30,188
8,2021-10-01,190
8,2021-10-02,190
8,2021-10-03,183
8,2021-10-04,162
8,2021-10-05,160
8,2021-10-06,159
8,2021-10-07,158
8,2021-10-08,146
8,2021-10-09,160
8,2021-10-10,141
8,2021-10-11,139
8,2021-10-12,138
8,2021-10-13,140
8,2021-10-14,167
8,2021-10-15,160
8,2021-10-16,158
8,2021-10-17,166
8,2021-10-18,190
8,2021-10-19,188
8,2021-10-20,187
8,2021-10-21,125
8,2021-10-22,126
8,2021-10-23,119
8,2021-10-24,118
8,2021-10-25,118
8,2021-10-26,113
8,2021-10-27,117
8,2021-10-28,120
8,2021-10-29,160
8,2021-11-01,133
8,2021-11-02,130
8,2021-11-03,137
8,2021-11-04,139
8,2021-11-05,146
8,2021-11-06,144
8,2021-11-07,157
8,2021-11-08,157
8,2021-11-09,134
8,2021-11-10,139
8,2021-11-11,137
8,2021-11-12,142
8,2021-11-13,160
8,2021-11-14,160
8,2021-11-15,160
8,2021-11-16,157
8,2021-11-17,152
8,2021-11-18,138
8,2021-11-19,160
8,2021-11-20,159
8,2021-11-21,156
8,2021-11-22,153
8,2021-11-23,160
8,2021-11-24,158
8,2021-11-25,157
8,2021-11-26,156
8,2021-11-27,159
8,2021-11-28,152
8,2021-11-29,158
8,2021-11-30,158
8,2021-12-01,157
8,2021-12-02,144
8,2021-12-03,160
8,2021-12-04,70
8,2021-12-05,157
8,2021-12-06,147
8,2021-12-07,160
8,2021-12-08,160
8,2021-12-09,160
8,2021-12-10,159
8,2021-12-11,157
8,2021-12-12,160
8,2021-12-13,159
8,2021-12-14,145
8,2021-12-15,152
8,2021-12-16,145
8,2021-12-17,142
8,2021-12-18,160
8,2021-12-19,160
8,2021-12-20,160
8,2021-12-21,160
8,2021-12-22,158
8,2021-12-23,160
8,2021-12-24,159
8,2021-12-25,133
8,2021-12-26,160
8,2021-12-27,160
8,2021-12-28,159
8,2021-12-29,160
8,2021-12-30,160
8,2021-12-31,160
8,2022-01-01,160
8,2022-01-02,160
8,2022-01-03,160
8,2022-01-04,160
8,2022-01-05,160
8,2022-01-06,160
8,2022-01-07,160
8,2022-01-08,160
8,2022-01-09,157
8,2022-01-10,159
8,2022-01-11,160
8,2022-01-12,160
9,2021-04-13,160
9,2021-04-14,160
9,2021-04-15,161
9,2021-04-16,160
9,2021-04-17,160
9,2021-04-18,160
9,2021-04-19,160
9,2021-04-20,160
9,2021-04-21,160
9,2021-04-22,160
9,2021-04-23,160
9,2021-04-24,160
9,2021-04-25,160
9,2021-04-26,160
9,2021-04-27,160
9,2021-04-28,160
9,2021-04-29,160
9,2021-04-30,160
9,2021-05-01,160
9,2021-05-02,159
9,2021-05-03,160
9,2021-05-04,160
9,2021-05-05,160
9,2021-05-06,160
9,2021-05-07,160
9,2021-05-08,160
9,2021-05-09,160
9,2021-05-10,121
9,2021-05-11,160
9,2021-05-12,160
9,2021-05-13,160
9,2021-05-14,160
9,2021-05-15,160
9,2021-05-16,160
9,2021-05-17,92
9,2021-05-18,90
9,2021-05-19,91
9,2021-05-20,95
9,2021-05-21,145
9,2021-05-24,160
9,2021-05-25,160
9,2021-05-26,121
9,2021-05-27,160
9,2021-05-28,160
9,2021-05-29,160
9,2021-05-30,160
9,2021-05-31,160
9,2021-06-01,160
9,2021-06-02,160
9,2021-06-03,160
9,2021-06-04,160
9,2021-06-05,96
9,2021-06-06,96
9,2021-06-07,97
9,2021-06-08,90
9,2021-06-09,159
9,2021-06-10,98
9,2021-06-11,143
9,2021-06-12,138
9,2021-06-13,135
9,2021-06-14,133
9,2021-06-15,131
9,2021-06-16,139
9,2021-06-17,160
9,2021-06-18,160
9,2021-06-19,160
9,2021-06-20,98
9,2021-06-21,98
9,2021-06-22,146
9,2021-06-23,159
9,2021-06-24,158
9,2021-06-25,159
9,2021-06-26,134
9,2021-06-27,95
9,2021-06-28,94
9,2021-06-29,97
9,2021-06-30,96
9,2021-07-01,160
9,2021-07-02,160
9,2021-07-03,160
9,2021-07-04,97
9,2021-07-05,140
9,2021-07-06,139
9,2021-07-07,100
9,2021-07-08,100
9,2021-07-09,160
9,2021-07-10,98
9,2021-07-11,99
9,2021-07-12,148
9,2021-07-13,94
9,2021-07-14,161
9,2021-07-15,96
9,2021-07-16,154
9,2021-07-17,150
9,2021-07-18,149
9,2021-07-19,150
9,2021-07-20,154
9,2021-07-21,131
9,2021-07-22,158
9,2021-07-23,158
9,2021-07-24,159
9,2021-07-25,138
9,2021-07-26,138
9,2021-07-27,157
9,2021-07-28,157
9,2021-07-29,135
9,2021-07-30,133
9,2021-07-31,156
9,2021-08-01,134
9,2021-08-02,131
9,2021-08-03,155
9,2021-08-04,157
9,2021-08-05,157
9,2021-08-06,154
9,2021-08-07,157
9,2021-08-08,156
9,2021-08-09,156
9,2021-08-10,134
9,2021-08-11,127
9,2021-08-12,95
9,2021-08-13,159
9,2021-08-14,95
9,2021-08-15,152
9,2021-08-16,149
9,2021-08-17,130
9,2021-08-18,130
9,2021-08-19,131
9,2021-08-20,130
9,2021-08-21,98
9,2021-08-22,132
9,2021-08-23,131
9,2021-08-24,131
9,2021-08-25,97
9,2021-08-26,96
9,2021-08-27,96
9,2021-08-28,150
9,2021-08-29,152
9,2021-08-30,130
9,2021-08-31,131
9,2021-09-01,130
9,2021-09-02,130
9,2021-09-03,134
9,2021-09-04,131
9,2021-09-05,127
9,2021-09-06,129
9,2021-09-07,154
9,2021-09-08,131
9,2021-09-09,130
9,2021-09-10,131
9,2021-09-11,153
9,2021-09-12,148
9,2021-09-13,149
9,2021-09-14,150
9,2021-09-15,147
9,2021-09-16,132
9,2021-09-17,130
9,2021-09-18,131
9,2021-09-19,129
9,2021-09-20,130
9,2021-09-21,131
9,2021-09-22,130
9,2021-09-23,130
9,2021-09-24,132
9,2021-09-25,132
9,2021-09-26,129
9,2021-09-27,152
9,2021-09-28,150
9,2021-09-29,152
9,2021-09-30,156
9,2021-10-01,156
9,2021-10-02,153
9,2021-10-03,150
9,2021-10-04,150
9,2021-10-05,148
9,2021-10-06,131
9,2021-10-07,130
9,2021-10-08,129
9,2021-10-09,130
9,2021-10-10,130
9,2021-10-11,130
9,2021-10-12,129
9,2021-10-13,130
9,2021-10-14,130
9,2021-10-15,130
9,2021-10-16,131
9,2021-10-17,132
9,2021-10-18,154
9,2021-10-19,158
9,2021-10-20,159
9,2021-10-21,109
9,2021-10-22,108
9,2021-10-23,109
9,2021-10-24,109
9,2021-10-25,109
9,2021-10-26,105
9,2021-10-27,111
9,2021-10-28,112
9,2021-10-29,111
9,2021-11-01,117
9,2021-11-02,111
9,2021-11-03,113
9,2021-11-04,160
9,2021-11-05,120
9,2021-11-06,119
9,2021-11-07,124
9,2021-11-08,123
9,2021-11-09,122
9,2021-11-10,127
9,2021-11-11,126
9,2021-11-12,110
9,2021-11-13,113
9,2021-11-14,160
9,2021-11-15,160
9,2021-11-16,123
9,2021-11-17,123
9,2021-11-18,122
9,2021-11-19,160
9,2021-11-20,161
9,2021-11-21,130
9,2021-11-22,129
9,2021-11-23,160
9,2021-11-24,160
9,2021-11-25,123
9,2021-11-26,160
9,2021-11-27,160
9,2021-11-28,132
9,2021-11-29,160
9,2021-11-30,133
9,2021-12-01,130
9,2021-12-02,127
9,2021-12-03,160
9,2021-12-04,69
9,2021-12-05,160
9,2021-12-06,117
9,2021-12-07,160
9,2021-12-08,160
9,2021-12-09,160
9,2021-12-10,130
9,2021-12-11,121
9,2021-12-12,160
9,2021-12-13,160
9,2021-12-14,121
9,2021-12-15,160
9,2021-12-16,120
9,2021-12-17,120
9,2021-12-18,160
9,2021-12-19,160
9,2021-12-20,160
9,2021-12-21,160
9,2021-12-22,160
9,2021-12-23,160
9,2021-12-24,160
9,2021-12-25,120
9,2021-12-26,160
9,2021-12-27,160
9,2021-12-28,160
9,2021-12-29,160
9,2021-12-30,160
9,2021-12-31,160
9,2022-01-01,160
9,2022-01-02,106
9,2022-01-03,160
9,2022-01-04,160
9,2022-01-05,160
9,2022-01-06,160
9,2022-01-07,160
9,2022-01-08,160
9,2022-01-09,160
9,2022-01-10,160
9,2022-01-11,160
9,2022-01-12,160
10,2021-04-13,160
10,2021-04-14,160
10,2021-04-15,159
10,2021-04-16,160
10,2021-04-17,160
10,2021-04-18,160
10,2021-04-19,160
10,2021-04-20,161
10,2021-04-21,160
10,2021-04-22,160
10,2021-04-23,160
10,2021-04-24,160
10,2021-04-25,160
10,2021-04-26,160
10,2021-04-27,160
10,2021-04-28,160
10,2021-04-29,160
10,2021-04-30,160
10,2021-05-01,160
10,2021-05-02,160
10,2021-05-03,160
10,2021-05-04,160
10,2021-05-05,160
10,2021-05-06,160
10,2021-05-07,160
10,2021-05-08,160
10,2021-05-09,160
10,2021-05-10,163
10,2021-05-11,160
10,2021-05-12,160
10,2021-05-13,160
10,2021-05-14,90
10,2021-05-15,160
10,2021-05-16,161
10,2021-05-17,90
10,2021-05-18,166
10,2021-05-19,173
10,2021-05-20,183
10,2021-05-21,195
10,2021-05-24,160
10,2021-05-25,162
10,2021-05-26,162
10,2021-05-27,160
10,2021-05-28,160
10,2021-05-29,160
10,2021-05-30,160
10,2021-05-31,161
10,2021-06-01,160
10,2021-06-02,196
10,2021-06-03,160
10,2021-06-04,160
10,2021-06-05,219
10,2021-06-06,216
10,2021-06-07,214
10,2021-06-08,205
10,2021-06-09,212
10,2021-06-10,216
10,2021-06-11,161
10,2021-06-12,160
10,2021-06-13,159
10,2021-06-14,153
10,2021-06-15,152
10,2021-06-16,220
10,2021-06-17,228
10,2021-06-18,226
10,2021-06-19,221
10,2021-06-20,221
10,2021-06-21,218
10,2021-06-22,218
10,2021-06-23,214
10,2021-06-24,217
10,2021-06-25,220
10,2021-06-26,211
10,2021-06-27,210
10,2021-06-28,211
10,2021-06-29,213
10,2021-06-30,213
10,2021-07-01,215
10,2021-07-02,160
10,2021-07-03,222
10,2021-07-04,225
10,2021-07-05,222
10,2021-07-06,222
10,2021-07-07,223
10,2021-07-08,222
10,2021-07-09,220
10,2021-07-10,219
10,2021-07-11,219
10,2021-07-12,215
10,2021-07-13,218
10,2021-07-14,212
10,2021-07-15,212
10,2021-07-16,211
10,2021-07-17,202
10,2021-07-18,201
10,2021-07-19,203
10,2021-07-20,206
10,2021-07-21,210
10,2021-07-22,212
10,2021-07-23,215
10,2021-07-24,221
10,2021-07-25,215
10,2021-07-26,151
10,2021-07-27,215
10,2021-07-28,213
10,2021-07-29,210
10,2021-07-30,150
10,2021-07-31,216
10,2021-08-01,210
10,2021-08-02,151
10,2021-08-03,213
10,2021-08-04,215
10,2021-08-05,215
10,2021-08-06,215
10,2021-08-07,214
10,2021-08-08,212
10,2021-08-09,209
10,2021-08-10,157
10,2021-08-11,146
10,2021-08-12,199
10,2021-08-13,199
10,2021-08-14,159
10,2021-08-15,202
10,2021-08-16,201
10,2021-08-17,150
10,2021-08-18,147
10,2021-08-19,146
10,2021-08-20,144
10,2021-08-21,142
10,2021-08-22,143
10,2021-08-23,145
10,2021-08-24,142
10,2021-08-25,202
10,2021-08-26,198
10,2021-08-27,198
10,2021-08-28,200
10,2021-08-29,200
10,2021-08-30,175
10,2021-08-31,143
10,2021-09-01,144
10,2021-09-02,179
10,2021-09-03,149
10,2021-09-04,145
10,2021-09-05,200
10,2021-09-06,143
10,2021-09-07,199
10,2021-09-08,199
10,2021-09-09,148
10,2021-09-10,148
10,2021-09-11,201
10,2021-09-12,199
10,2021-09-13,198
10,2021-09-14,199
10,2021-09-15,196
10,2021-09-16,175
10,2021-09-17,183
10,2021-09-18,190
10,2021-09-19,145
10,2021-09-20,199
10,2021-09-21,197
10,2021-09-22,172
10,2021-09-23,177
10,2021-09-24,179
10,2021-09-25,187
10,2021-09-26,201
10,2021-09-27,202
10,2021-09-28,198
10,2021-09-29,201
10,2021-09-30,206
10,2021-10-01,208
10,2021-10-02,207
10,2021-10-03,199
10,2021-10-04,198
10,2021-10-05,198
10,2021-10-06,142
10,2021-10-07,175
10,2021-10-08,197
10,2021-10-09,173
10,2021-10-10,176
10,2021-10-11,175
10,2021-10-12,171
10,2021-10-13,174
10,2021-10-14,168
10,2021-10-15,186
10,2021-10-16,180
10,2021-10-17,186
10,2021-10-18,206
10,2021-10-19,203
10,2021-10-20,210
10,2021-10-21,133
10,2021-10-22,134
10,2021-10-23,136
10,2021-10-24,136
10,2021-10-25,133
10,2021-10-26,135
10,2021-10-27,136
10,2021-10-28,139
10,2021-10-29,141
10,2021-11-01,140
10,2021-11-02,140
10,2021-11-03,152
10,2021-11-04,155
10,2021-11-05,157
10,2021-11-06,150
10,2021-11-07,157
10,2021-11-08,157
10,2021-11-09,153
10,2021-11-10,148
10,2021-11-11,148
10,2021-11-12,143
10,2021-11-13,147
10,2021-11-14,154
10,2021-11-15,159
10,2021-11-16,164
10,2021-11-17,154
10,2021-11-18,155
10,2021-11-19,163
10,2021-11-20,162
10,2021-11-21,151
10,2021-11-22,153
10,2021-11-23,160
10,2021-11-24,161
10,2021-11-25,159
10,2021-11-26,163
10,2021-11-27,166
10,2021-11-28,162
10,2021-11-29,161
10,2021-11-30,160
10,2021-12-01,153
10,2021-12-02,153
10,2021-12-03,154
10,2021-12-04,70
10,2021-12-05,157
10,2021-12-06,155
10,2021-12-07,160
10,2021-12-08,163
10,2021-12-09,162
10,2021-12-10,162
10,2021-12-11,143
10,2021-12-12,157
10,2021-12-13,157
10,2021-12-14,143
10,2021-12-15,158
10,2021-12-16,154
10,2021-12-17,150
10,2021-12-18,152
10,2021-12-19,156
10,2021-12-20,160
10,2021-12-21,159
10,2021-12-22,155
10,2021-12-23,160
10,2021-12-24,158
10,2021-12-25,146
10,2021-12-26,150
10,2021-12-27,158
10,2021-12-28,154
10,2021-12-29,155
10,2021-12-30,157
10,2021-12-31,159
10,2022-01-01,160
10,2022-01-02,123
10,2022-01-03,160
10,2022-01-04,70
10,2022-01-05,160
10,2022-01-06,159
10,2022-01-07,160
10,2022-01-08,160
10,2022-01-09,153
10,2022-01-10,157
10,2022-01-11,160
10,2022-01-12,160
11,2021-04-13,116
11,2021-04-14,160
11,2021-04-15,160
11,2021-04-16,160
11,2021-04-17,160
11,2021-04-18,160
11,2021-04-19,157
11,2021-04-20,160
11,2021-04-21,160
11,2021-04-22,160
11,2021-04-23,160
11,2021-04-24,160
11,2021-04-25,160
11,2021-04-26,160
11,2021-04-27,160
11,2021-04-28,87
11,2021-04-29,86
11,2021-04-30,160
11,2021-05-01,160
11,2021-05-02,160
11,2021-05-03,160
11,2021-05-04,83
11,2021-05-05,160
11,2021-05-06,160
11,2021-05-07,160
11,2021-05-08,159
11,2021-05-09,159
11,2021-05-10,157
11,2021-05-11,160
11,2021-05-12,160
11,2021-05-13,160
11,2021-05-14,90
11,2021-05-15,88
11,2021-05-16,160
11,2021-05-17,89
11,2021-05-18,88
11,2021-05-19,88
11,2021-05-20,89
11,2021-05-21,159
11,2021-05-24,160
11,2021-05-25,158
11,2021-05-26,159
11,2021-05-27,160
11,2021-05-28,160
11,2021-05-29,160
11,2021-05-30,160
11,2021-05-31,159
11,2021-06-01,159
11,2021-06-02,160
11,2021-06-03,160
11,2021-06-04,158
11,2021-06-05,97
11,2021-06-06,97
11,2021-06-07,94
11,2021-06-08,90
11,2021-06-09,160
11,2021-06-10,166
11,2021-06-11,156
11,2021-06-12,150
11,2021-06-13,149
11,2021-06-14,150
11,2021-06-15,168
11,2021-06-16,172
11,2021-06-17,176
11,2021-06-18,174
11,2021-06-19,178
11,2021-06-20,175
11,2021-06-21,171
11,2021-06-22,163
11,2021-06-23,166
11,2021-06-24,171
11,2021-06-25,172
11,2021-06-26,168
11,2021-06-27,166
11,2021-06-28,166
11,2021-06-29,168
11,2021-06-30,171
11,2021-07-01,171
11,2021-07-02,166
11,2021-07-03,173
11,2021-07-04,178
11,2021-07-05,176
11,2021-07-06,175
11,2021-07-07,176
11,2021-07-08,176
11,2021-07-09,176
11,2021-07-10,174
11,2021-07-11,172
11,2021-07-12,173
11,2021-07-13,172
11,2021-07-14,170
11,2021-07-15,170
11,2021-07-16,168
11,2021-07-17,160
11,2021-07-18,161
11,2021-07-19,162
11,2021-07-20,166
11,2021-07-21,167
11,2021-07-22,170
11,2021-07-23,171
11,2021-07-24,171
11,2021-07-25,168
11,2021-07-26,170
11,2021-07-27,171
11,2021-07-28,171
11,2021-07-29,170
11,2021-07-30,146
11,2021-07-31,173
11,2021-08-01,170
11,2021-08-02,153
11,2021-08-03,172
11,2021-08-04,174
11,2021-08-05,174
11,2021-08-06,174
11,2021-08-07,177
11,2021-08-08,175
11,2021-08-09,175
11,2021-08-10,174
11,2021-08-11,157
11,2021-08-12,166
11,2021-08-13,171
11,2021-08-14,171
11,2021-08-15,172
11,2021-08-16,170
11,2021-08-17,147
11,2021-08-18,148
11,2021-08-19,144
11,2021-08-20,149
11,2021-08-21,151
11,2021-08-22,147
11,2021-08-23,146
11,2021-08-24,151
11,2021-08-25,168
11,2021-08-26,168
11,2021-08-27,168
11,2021-08-28,169
11,2021-08-29,169
11,2021-08-30,140
11,2021-08-31,144
11,2021-09-01,141
11,2021-09-02,138
11,2021-09-03,148
11,2021-09-04,162
11,2021-09-05,162
11,2021-09-06,150
11,2021-09-07,166
11,2021-09-08,162
11,2021-09-09,134
11,2021-09-10,142
11,2021-09-11,164
11,2021-09-12,163
11,2021-09-13,162
11,2021-09-14,162
11,2021-09-15,161
11,2021-09-16,139
11,2021-09-17,160
11,2021-09-18,155
11,2021-09-19,137
11,2021-09-20,165
11,2021-09-21,165
11,2021-09-22,131
11,2021-09-23,134
11,2021-09-24,136
11,2021-09-25,148
11,2021-09-26,164
11,2021-09-27,166
11,2021-09-28,164
11,2021-09-29,168
11,2021-09-30,168
11,2021-10-01,172
11,2021-10-02,167
11,2021-10-03,164
11,2021-10-04,164
11,2021-10-05,162
11,2021-10-06,141
11,2021-10-07,135
11,2021-10-08,163
11,2021-10-09,135
11,2021-10-10,134
11,2021-10-11,134
11,2021-10-12,134
11,2021-10-13,134
11,2021-10-14,132
11,2021-10-15,160
11,2021-10-16,136
11,2021-10-17,165
11,2021-10-18,166
11,2021-10-19,169
11,2021-10-20,171
11,2021-10-21,118
11,2021-10-22,117
11,2021-10-23,118
11,2021-10-24,119
11,2021-10-25,116
11,2021-10-26,118
11,2021-10-27,118
11,2021-10-28,120
11,2021-10-29,120
11,2021-11-01,123
11,2021-11-02,111
11,2021-11-03,125
11,2021-11-04,160
11,2021-11-05,132
11,2021-11-06,128
11,2021-11-07,133
11,2021-11-08,132
11,2021-11-09,134
11,2021-11-10,135
11,2021-11-11,132
11,2021-11-12,122
11,2021-11-13,160
11,2021-11-14,131
11,2021-11-15,160
11,2021-11-16,134
11,2021-11-17,132
11,2021-11-18,131
11,2021-11-19,159
11,2021-11-20,157
11,2021-11-21,141
11,2021-11-22,141
11,2021-11-23,159
11,2021-11-24,158
11,2021-11-25,137
11,2021-11-26,134
11,2021-11-27,153
11,2021-11-28,142
11,2021-11-29,156
11,2021-11-30,147
11,2021-12-01,137
11,2021-12-02,133
11,2021-12-03,130
11,2021-12-04,131
11,2021-12-05,133
11,2021-12-06,125
11,2021-12-07,159
11,2021-12-08,158
11,2021-12-09,157
11,2021-12-10,139
11,2021-12-11,132
11,2021-12-12,159
11,2021-12-13,137
11,2021-12-14,135
11,2021-12-15,131
11,2021-12-16,129
11,2021-12-17,129
11,2021-12-18,142
11,2021-12-19,156
11,2021-12-20,160
11,2021-12-21,160
11,2021-12-22,138
11,2021-12-23,159
11,2021-12-24,130
11,2021-12-25,130
11,2021-12-26,129
11,2021-12-27,160
11,2021-12-28,128
11,2021-12-29,130
11,2021-12-30,160
11,2021-12-31,119
11,2022-01-01,160
11,2022-01-02,110
11,2022-01-03,161
11,2022-01-04,184
11,2022-01-05,160
11,2022-01-06,160
11,2022-01-07,160
11,2022-01-08,160
11,2022-01-09,160
11,2022-01-10,160
11,2022-01-11,160
11,2022-01-12,160
12,2021-04-13,90
12,2021-04-14,160
12,2021-04-15,160
12,2021-04-16,160
12,2021-04-17,160
12,2021-04-18,160
12,2021-04-19,160
12,2021-04-20,160
12,2021-04-21,160
12,2021-04-22,160
12,2021-04-23,160
12,2021-04-24,160
12,2021-04-25,160
12,2021-04-26,160
12,2021-04-27,160
12,2021-04-28,85
12,2021-04-29,160
12,2021-04-30,160
12,2021-05-01,160
12,2021-05-02,160
12,2021-05-03,160
12,2021-05-04,160
12,2021-05-05,110
12,2021-05-06,160
12,2021-05-07,160
12,2021-05-08,160
12,2021-05-09,160
12,2021-05-10,108
12,2021-05-11,160
12,2021-05-12,160
12,2021-05-13,110
12,2021-05-14,110
12,2021-05-15,93
12,2021-05-16,117
12,2021-05-17,111
12,2021-05-18,116
12,2021-05-19,94
12,2021-05-20,118
12,2021-05-21,120
12,2021-05-24,120
12,2021-05-25,160
12,2021-05-26,113
12,2021-05-27,160
12,2021-05-28,160
12,2021-05-29,160
12,2021-05-30,160
12,2021-05-31,160
12,2021-06-01,160
12,2021-06-02,160
12,2021-06-03,160
12,2021-06-04,122
12,2021-06-05,98
12,2021-06-06,135
12,2021-06-07,132
12,2021-06-08,129
12,2021-06-09,127
12,2021-06-10,133
12,2021-06-11,125
12,2021-06-12,121
12,2021-06-13,124
12,2021-06-14,130
12,2021-06-15,132
12,2021-06-16,133
12,2021-06-17,140
12,2021-06-18,139
12,2021-06-19,138
12,2021-06-20,137
12,2021-06-21,135
12,2021-06-22,133
12,2021-06-23,131
12,2021-06-24,136
12,2021-06-25,138
12,2021-06-26,136
12,2021-06-27,131
12,2021-06-28,133
12,2021-06-29,134
12,2021-06-30,133
12,2021-07-01,137
12,2021-07-02,135
12,2021-07-03,138
12,2021-07-04,140
12,2021-07-05,138
12,2021-07-06,138
12,2021-07-07,138
12,2021-07-08,138
12,2021-07-09,139
12,2021-07-10,137
12,2021-07-11,138
12,2021-07-12,136
12,2021-07-13,137
12,2021-07-14,135
12,2021-07-15,134
12,2021-07-16,132
12,2021-07-17,128
12,2021-07-18,128
12,2021-07-19,129
12,2021-07-20,129
12,2021-07-21,130
12,2021-07-22,132
12,2021-07-23,133
12,2021-07-24,133
12,2021-07-25,129
12,2021-07-26,131
12,2021-07-27,132
12,2021-07-28,130
12,2021-07-29,130
12,2021-07-30,126
12,2021-07-31,130
12,2021-08-01,130
12,2021-08-02,131
12,2021-08-03,132
12,2021-08-04,131
12,2021-08-05,133
12,2021-08-06,131
12,2021-08-07,131
12,2021-08-08,131
12,2021-08-09,133
12,2021-08-10,131
12,2021-08-11,127
12,2021-08-12,129
12,2021-08-13,131
12,2021-08-14,131
12,2021-08-15,131
12,2021-08-16,127
12,2021-08-17,123
12,2021-08-18,119
12,2021-08-19,119
12,2021-08-20,126
12,2021-08-21,129
12,2021-08-22,121
12,2021-08-23,121
12,2021-08-24,123
12,2021-08-25,129
12,2021-08-26,128
12,2021-08-27,129
12,2021-08-28,129
12,2021-08-29,128
12,2021-08-30,123
12,2021-08-31,119
12,2021-09-01,117
12,2021-09-02,119
12,2021-09-03,126
12,2021-09-04,130
12,2021-09-05,128
12,2021-09-06,127
12,2021-09-07,130
12,2021-09-08,129
12,2021-09-09,120
12,2021-09-10,125
12,2021-09-11,130
12,2021-09-12,128
12,2021-09-13,129
12,2021-09-14,129
12,2021-09-15,126
12,2021-09-16,122
12,2021-09-17,125
12,2021-09-18,122
12,2021-09-19,126
12,2021-09-20,130
12,2021-09-21,129
12,2021-09-22,121
12,2021-09-23,117
12,2021-09-24,120
12,2021-09-25,128
12,2021-09-26,130
12,2021-09-27,131
12,2021-09-28,127
12,2021-09-29,130
12,2021-09-30,130
12,2021-10-01,132
12,2021-10-02,129
12,2021-10-03,128
12,2021-10-04,130
12,2021-10-05,127
12,2021-10-06,126
12,2021-10-07,124
12,2021-10-08,127
12,2021-10-09,128
12,2021-10-10,124
12,2021-10-11,118
12,2021-10-12,116
12,2021-10-13,116
12,2021-10-14,119
12,2021-10-15,129
12,2021-10-16,124
12,2021-10-17,129
12,2021-10-18,130
12,2021-10-19,131
12,2021-10-20,130
12,2021-10-21,99
12,2021-10-22,99
12,2021-10-23,100
12,2021-10-24,99
12,2021-10-25,98
12,2021-10-26,100
12,2021-10-27,99
12,2021-10-28,102
12,2021-10-29,100
12,2021-11-01,102
12,2021-11-02,102
12,2021-11-03,109
12,2021-11-04,107
12,2021-11-05,110
12,2021-11-06,110
12,2021-11-07,110
12,2021-11-08,111
12,2021-11-09,110
12,2021-11-10,103
12,2021-11-11,102
12,2021-11-12,101
12,2021-11-13,102
12,2021-11-14,110
12,2021-11-15,110
12,2021-11-16,111
12,2021-11-17,111
12,2021-11-18,110
12,2021-11-19,119
12,2021-11-20,119
12,2021-11-21,107
12,2021-11-22,109
12,2021-11-23,160
12,2021-11-24,112
12,2021-11-25,113
12,2021-11-26,112
12,2021-11-27,118
12,2021-11-28,113
12,2021-11-29,111
12,2021-11-30,110
12,2021-12-01,107
12,2021-12-02,105
12,2021-12-03,107
12,2021-12-04,108
12,2021-12-05,111
12,2021-12-06,110
12,2021-12-07,113
12,2021-12-08,117
12,2021-12-09,160
12,2021-12-10,114
12,2021-12-11,102
12,2021-12-12,107
12,2021-12-13,160
12,2021-12-14,103
12,2021-12-15,109
12,2021-12-16,110
12,2021-12-17,109
12,2021-12-18,103
12,2021-12-19,110
12,2021-12-20,160
12,2021-12-21,160
12,2021-12-22,107
12,2021-12-23,160
12,2021-12-24,110
12,2021-12-25,105
12,2021-12-26,101
12,2021-12-27,110
12,2021-12-28,110
12,2021-12-29,109
12,2021-12-30,100
12,2021-12-31,160
12,2022-01-01,160
12,2022-01-02,99
12,2022-01-03,160
12,2022-01-04,160
12,2022-01-05,160
12,2022-01-06,160
12,2022-01-07,160
12,2022-01-08,160
12,2022-01-09,102
12,2022-01-10,109
12,2022-01-11,160
12,2022-01-12,160
