chamber,collar,Time,flux_ch4,r_sq_ch4,flux_co2,r_sq_co2,zone,block,co2,en,month,year,temperature,Time.1,day,wh,salinity,log_ch4,log_co2
1,1,2024-06-13T08:13:47Z,0.002507721,0.973401837,1.308224184,0.984476598,native,1,NA,NA,June,2024,18.4,6/13/24,165,0.55,5.884125,-5.988380906418676,0.26867063284406134
1,2,2024-06-13T08:25:39Z,0.001854028,0.69081634,0.4291449,0.807340998,chamber,1,0,0,June,2024,19.1,6/13/24,165,0.53,5.884125,-6.290394709471393,-0.8459606548451813
1,3,2024-06-13T08:38:01Z,0.176071867,0.992245424,1.1896121,0.990131216,phragmites,1,NA,NA,June,2024,19,6/13/24,165,0.51,5.884125,-1.7368630320628535,0.17362728759829285
9,25,2024-06-13T13:34:21Z,3.95855e-4,0.751969238,0.598043343,0.99682297499999994,native,3,NA,NA,June,2024,23,6/13/24,165,1.2,5.884125,-7.834462575379488,-0.5140920477249384
9,26,2024-06-13T13:45:44Z,0.003594621,0.981550356,1.930649001,0.983374139,chamber,3,1,1,June,2024,22.2,6/13/24,165,1.22,5.884125,-5.628316717566927,0.6578562163389133
10,28,2024-06-13T14:10:17Z,6.52191e-4,0.929290067,1.128161723,0.965381156,native,3,NA,NA,June,2024,21.6,6/13/24,165,1.25,5.884125,-7.335173094152291,0.12058951425306326
10,29,2024-06-13T14:23:09Z,0.005348801,0.998472546,1.535391911,0.971717679,chamber,3,1,0,June,2024,23.5,6/13/24,165,1.29,5.884125,-5.230882855340635,0.4287856650637988
10,30,2024-06-13T14:33:52Z,0.003621712,0.966547122,3.235751814,0.965486952,phragmites,3,NA,NA,June,2024,23.2,6/13/24,165,1.29,5.884125,-5.620808436762946,1.1742613009521672
12,34,2024-06-13T15:18:43Z,8.48664e-4,0.931818604,1.33906465,0.961285798,native,3,NA,NA,June,2024,21.2,6/13/24,165,1.31,5.884125,-7.071847209703787,0.2919713478437068
12,35,2024-06-13T15:25:45Z,0.132512092,0.928758083,0.931601563,0.966345311,chamber,3,0,1,June,2024,22.3,6/13/24,165,1.32,5.884125,-2.0210813773424765,-0.07085006321466387
12,36,2024-06-13T15:34:27Z,1.62119e-4,0.299690766,0.597471009,0.977927391,phragmites,3,NA,NA,June,2024,21.2,6/13/24,165,1.33,5.884125,-8.727179924493607,-0.5150495168557209
1,1,2024-06-20T08:59:27Z,0.142902633,0.980547017,1.26158338,0.988788454,native,1,NA,NA,June,2024,21.3,6/20/24,172,1.17,7.62020833,-1.9455917687437039,0.23236758283229497
1,2,2024-06-20T09:08:35Z,0.005865938,0.993254279,0.742289859,0.995904491,chamber,1,0,0,June,2024,22,6/20/24,172,1.17,7.62020833,-5.1385928778656185,-0.2980154665443043
1,3,2024-06-20T09:28:20Z,1.427809937,0.997740749,6.832391493,0.969780695,phragmites,1,NA,NA,June,2024,22.1,6/20/24,172,1.15,7.62020833,0.35614175772022016,1.9216747576841022
2,4,2024-06-20T09:51:30Z,8.54112e-4,0.950329799,1.308755365,0.962562266,native,1,NA,NA,June,2024,22.2,6/20/24,172,1.12,7.62020833,-7.0654482252338076,0.2690765825256304
2,5,2024-06-20T09:59:39Z,0.013071466,0.975004456,0.975450398,0.973006613,chamber,1,1,0,June,2024,21.5,6/20/24,172,1.09,7.62020833,-4.337323592372096,-0.02485596798213702
2,6,2024-06-20T10:09:54Z,0.071310988,0.982582347,2.099060122,0.971224165,phragmites,1,NA,NA,June,2024,22.3,6/20/24,172,1.08,7.62020833,-2.6407048540386056,0.7414896835916995
3,7,2024-06-20T10:35:37Z,2.45e-6,0.312545835,6.492866901,0.971838712,native,1,NA,NA,June,2024,22.7,6/20/24,172,0.99,7.62020833,-12.919422533407639,1.8707041744713355
3,8,2024-06-20T10:50:49Z,2.45e-6,0.031633686,4.810974705,0.996146252,chamber,1,0,1,June,2024,22.6,6/20/24,172,0.96,7.62020833,-12.919422533407639,1.5708997049608215
3,9,2024-06-20T11:03:00Z,6.42199e-4,0.957980591,5.728572075,0.976418835,phragmites,1,NA,NA,June,2024,23.3,6/20/24,172,0.92,7.62020833,-7.350612333457379,1.7454662981000966
4,10,2024-06-20T11:26:25Z,0.002237825,0.961515583,2.376251459,0.999061252,native,2,NA,NA,June,2024,22.9,6/20/24,172,0.84,7.62020833,-6.102250866966578,0.8655242288129489
4,11,2024-06-20T11:37:59Z,0.032030466,0.977048575,3.047349668,0.999716148,chamber,2,1,1,June,2024,22.3,6/20/24,172,0.79,7.62020833,-3.4410677666064604,1.114272251542106
4,12,2024-06-20T11:54:19Z,0.484961122,0.964087083,1.777521149,0.999052568,phragmites,2,NA,NA,June,2024,23.3,6/20/24,172,0.73,7.62020833,-0.7236865520824467,0.5752197807960655
5,13,2024-06-20T12:04:10Z,0.005805654,0.990989502,2.564405324,0.999019981,native,2,NA,NA,June,2024,23.1,6/20/24,172,0.67,7.62020833,-5.148923008679404,0.9417266092479802
5,14,2024-06-20T12:12:07Z,0.004441879,0.969797375,1.675991046,0.998044495,chamber,2,1,0,June,2024,23.4,6/20/24,172,0.65,7.62020833,-5.416677793862906,0.51640465956352
5,15,2024-06-20T14:13:44Z,0.032247907,0.986499014,3.259098641,0.999418457,phragmites,2,NA,NA,June,2024,24.1,6/20/24,172,0.19,7.62020833,-3.4343021370712075,1.181450666657276
6,16,2024-06-20T14:30:55Z,0.018019863,0.997699954,2.598794963,0.996318836,native,2,NA,NA,June,2024,24.8,6/20/24,172,0.14,7.62020833,-4.0162806294945526,0.9550478618201134
6,17,2024-06-20T14:39:36Z,0.003937379,0.966468874,1.782405752,0.999277372,chamber,2,0,1,June,2024,23.4,6/20/24,172,0.12,7.62020833,-5.537240005461297,0.577963997855136
6,18,2024-06-20T14:50:36Z,0.317463281,0.979501744,2.892881823,0.968483558,phragmites,2,NA,NA,June,2024,26.3,6/20/24,172,0.08,7.62020833,-1.147393117731114,1.06225317586825
7,19,2024-06-20T15:03:15Z,0.017703324,0.967118479,4.62511596,0.999285162,native,2,NA,NA,June,2024,25.6,6/20/24,172,0.07,7.62020833,-4.03400286042376,1.5315014430825127
7,20,2024-06-20T15:11:37Z,0.012884888,0.99409363,5.035655097,0.998629627,chamber,2,1,1,June,2024,25.4,6/20/24,172,0.04,7.62020833,-4.351700127193429,1.6165436263466542
7,21,2024-06-20T15:21:09Z,0.047860239,0.998984963,2.640628097,0.999634327,phragmites,2,NA,NA,June,2024,23.6,6/20/24,172,0.04,7.62020833,-3.039470202782661,0.9710168043911163
8,22,2024-06-20T15:56:20Z,0.015663908,0.998927236,3.64843633,0.999493529,native,2,NA,NA,June,2024,26.6,6/20/24,172,0.04,7.62020833,-4.156396066551373,1.2942986730640038
8,23,2024-06-20T16:04:40Z,0.920333117,0.998718462,3.242881929,0.970549731,chamber,2,0,0,June,2024,24.2,6/20/24,172,0.05,7.62020833,-0.08301959077988091,1.1764624187067987
8,24,2024-06-20T16:12:47Z,0.003353856,0.992759375,4.858916223,0.96975551,phragmites,2,NA,NA,June,2024,26.6,6/20/24,172,0.04,7.62020833,-5.697644550313178,1.5808154136616268
9,25,2024-06-20T16:28:51Z,0.018827229,0.99002259,1.513191527,0.980910713,native,3,NA,NA,June,2024,25.7,6/20/24,172,0.07,7.62020833,-3.9724511059311594,0.41422101436904357
9,26,2024-06-20T16:36:28Z,0.255777164,0.999608638,7.662959867,0.970724739,chamber,3,1,1,June,2024,24.6,6/20/24,172,0.07,7.62020833,-1.3634486666918837,2.0363983147306537
9,27,2024-06-20T16:44:07Z,0.113710121,0.998391358,3.289252023,0.988434559,phragmites,3,NA,NA,June,2024,24,6/20/24,172,0.09,7.62020833,-2.1741028672356153,1.1906601902974436
10,28,2024-06-20T17:03:50Z,0.047719787,0.999906715,1.915798047,0.969783827,native,3,NA,NA,June,2024,24,6/20/24,172,0.12,7.62020833,-3.0424091452996844,0.6501342705486589
10,29,2024-06-20T17:11:30Z,0.908388961,0.990646495,3.208597246,0.982373334,chamber,3,1,0,June,2024,23.7,6/20/24,172,0.13,7.62020833,-0.09608262096019453,1.1658338466162004
10,30,2024-06-20T17:18:59Z,0.235971307,0.976897813,4.557148546,0.999044669,phragmites,3,NA,NA,June,2024,23.7,6/20/24,172,0.14,7.62020833,-1.4440450618565108,1.5166971090732644
11,31,2024-06-20T17:27:47Z,0.013673097,0.999303705,1.583203731,0.9989103,native,3,NA,NA,June,2024,24.7,6/20/24,172,0.16,7.62020833,-4.2923250994069715,0.4594504719229469
11,32,2024-06-20T17:43:48Z,2.45e-6,0.892494805,1.64471433,0.999425535,chamber,3,0,0,June,2024,23.3,6/20/24,172,0.19,7.62020833,-12.919422533407639,0.49756670956229726
11,33,2024-06-20T17:52:29Z,0.721263814,0.993415163,1.063961928,0.980858969,phragmites,3,NA,NA,June,2024,23.8,6/20/24,172,0.2,7.62020833,-0.32675030848362274,0.0619996083243759
12,34,2024-06-20T18:02:54Z,0.008698973,0.999091503,1.641294251,0.998919444,native,3,NA,NA,June,2024,23.2,6/20/24,172,0.22,7.62020833,-4.744550306266585,0.4954851080383529
12,35,2024-06-20T18:09:50Z,0.20220033,0.977548963,2.179238286,0.999414535,chamber,3,0,1,June,2024,24.2,6/20/24,172,0.23,7.62020833,-1.59849634034962,0.7789754056513252
12,36,2024-06-20T18:17:17Z,0.027701749,0.997780214,1.669592542,0.99440379,phragmites,3,NA,NA,June,2024,24.2,6/20/24,172,0.24,7.62020833,-3.5862597269879166,0.5125796098326884
5,13,2024-06-27T09:07:53Z,2.66579e-4,0.281565263,1.733482651,0.963899374,native,2,NA,NA,June,2024,24.1,6/27/24,179,0.3,7.57129167,-8.229839923014584,0.5501324780167135
5,14,2024-06-27T09:23:51Z,2.45e-6,0.9184044,1.18640842,0.96403558,chamber,2,1,0,June,2024,23.4,6/27/24,179,0.39,7.57129167,-12.919422533407639,0.17093060891687303
5,15,2024-06-27T09:35:42Z,0.002341587,0.973282924,1.75353089,0.966214065,phragmites,2,NA,NA,June,2024,23.7,6/27/24,179,0.43,7.57129167,-6.05692637436149,0.5616314066391114
6,16,2024-06-27T09:48:07Z,0.027466331,0.999251219,1.865014542,0.996351871,native,2,NA,NA,June,2024,23.3,6/27/24,179,0.46,7.57129167,-3.5947943516832828,0.6232688503844147
6,17,2024-06-27T10:00:49Z,4.32582e-4,0.801397237,1.230136873,0.968212395,chamber,2,0,1,June,2024,23,6/27/24,179,0.5,7.57129167,-7.74573865418755,0.20712544205508146
6,18,2024-06-27T10:13:11Z,0.028721889,0.990930319,0.750131134,0.969268902,phragmites,2,NA,NA,June,2024,23.7,6/27/24,179,0.53,7.57129167,-3.55009576398456,-0.28750724240211145
7,19,2024-06-27T10:30:05Z,8.45413e-4,0.188481321,2.439978596,0.999058898,native,2,NA,NA,June,2024,24.1,6/27/24,179,0.56,7.57129167,-7.075685292613643,0.8919892671354875
7,20,2024-06-27T10:44:12Z,0.011222562,0.991447398,3.079054618,0.966529343,chamber,2,1,1,June,2024,23.5,6/27/24,179,0.64,7.57129167,-4.48982906270772,1.1246226076612897
7,21,2024-06-27T11:12:15Z,9.63888e-4,0.235061536,1.376022602,0.964115173,phragmites,2,NA,NA,June,2024,23.7,6/27/24,179,0.74,7.57129167,-6.94453545267606,0.31919716524834174
8,22,2024-06-27T11:29:11Z,4.89e-5,0.017521425,1.736646227,0.999062743,native,2,NA,NA,June,2024,24.3,6/27/24,179,0.75,7.57129167,-9.925733161483448,0.5519557975461391
8,23,2024-06-27T11:40:38Z,0.001176545,0.678578672,0.763649497,0.958019112,chamber,2,0,0,June,2024,24.1,6/27/24,179,0.75,7.57129167,-6.745173101484559,-0.2696463686446134
8,24,2024-06-27T12:10:36Z,0.001299082,0.332399404,3.074661232,0.999526487,phragmites,2,NA,NA,June,2024,24.2,6/27/24,179,0.81,7.57129167,-6.646097417804865,1.1231947267342066
9,25,2024-06-27T12:25:47Z,0.002546801,0.908063237,0.992289853,0.968472134,native,3,NA,NA,June,2024,23.8,6/27/24,179,0.84,7.57129167,-5.972917217171881,-0.007740023852408406
9,26,2024-06-27T12:46:45Z,0.051063253,0.974643279,5.800560262,0.975304716,chamber,3,1,1,June,2024,23.7,6/27/24,179,0.91,7.57129167,-2.974690159836619,1.7579545097837457
9,27,2024-06-27T12:57:05Z,0.012741105,0.992809371,2.852167841,0.985293779,phragmites,3,NA,NA,June,2024,23.9,6/27/24,179,0.96,7.57129167,-4.362921897905478,1.0480793511009445
10,28,2024-06-27T14:30:04Z,0.653755828,0.995560255,2.14339425,0.996682413,chamber,3,NA,NA,June,2024,24.5,6/27/24,179,1.02,7.57129167,-0.425021348919987,0.7623906706394337
10,29,2024-06-27T14:56:20Z,0.066537477,0.98058566,1.896912655,0.974372992,phragmites,3,1,0,June,2024,23.8,6/27/24,179,0.95,7.57129167,-2.7099899261530562,0.6402276461395363
10,30,2024-06-27T15:12:20Z,0.268268217,0.998922016,3.92592935,0.964216001,native,3,NA,NA,June,2024,24.2,6/27/24,179,0.89,7.57129167,-1.3157679892459242,1.3676031002771691
11,31,2024-06-27T15:31:37Z,2.45e-6,0.911801221,1.032724972,0.996719518,chamber,3,NA,NA,June,2024,23.8,6/27/24,179,0.81,7.57129167,-12.919422533407639,0.03220091267525177
11,33,2024-06-27T15:48:35Z,0.007792336,0.974510922,0.970912404,0.954434708,phragmites,3,NA,NA,June,2024,23.8,6/27/24,179,0.74,7.57129167,-4.8546145924216955,-0.02951902691259328
12,34,2024-06-27T15:59:49Z,0.002731583,0.946979548,0.887184179,0.960316219,native,3,NA,NA,June,2024,23.8,6/27/24,179,0.7,7.57129167,-5.902873984355485,-0.11970267561174364
12,35,2024-06-27T16:15:27Z,0.006961047,0.863109012,1.625183282,0.970726374,chamber,3,0,1,June,2024,23.7,6/27/24,179,0.61,7.57129167,-4.9674253849149395,0.48562059834458543
12,36,2024-06-27T16:29:17Z,0.002105165,0.906723313,1.062446703,0.969967798,phragmites,3,NA,NA,June,2024,24.2,6/27/24,179,0.55,7.57129167,-6.16336143012162,0.0605744586759326
1,1,2024-06-27T16:47:10Z,0.044725863,0.992421466,1.934168355,0.998897643,native,1,NA,NA,June,2024,25.1,6/27/24,179,0.47,7.57129167,-3.107203354077594,0.6596774433975766
1,2,2024-06-27T16:55:31Z,0.002099203,0.973211369,1.210198757,0.998396441,chamber,1,0,0,June,2024,26.5,6/27/24,179,0.46,7.57129167,-6.166197530099672,0.19078460810259829
1,3,2024-06-27T17:08:53Z,0.184156944,0.997401223,3.135626879,0.978252296,phragmites,1,NA,NA,June,2024,25.6,6/27/24,179,0.41,7.57129167,-1.6919669284121068,1.1428291154987762
2,4,2024-06-27T17:19:50Z,0.001936907,0.961433313,1.820868307,0.999014197,native,1,NA,NA,June,2024,25.7,6/27/24,179,0.35,7.57129167,-6.2466629081002045,0.5993134790748579
2,5,2024-06-27T17:28:20Z,1.711478353,0.992615077,1.841235614,0.967012348,chamber,1,1,0,June,2024,23.7,6/27/24,179,0.3,7.57129167,0.5373575309384994,0.6104368755937795
2,6,2024-06-27T17:36:32Z,0.023848926,0.9802797,1.480227272,0.967825817,phragmites,1,NA,NA,June,2024,25.2,6/27/24,179,0.28,7.57129167,-3.736016094108274,0.392195638148724
9,25,2024-07-02T08:22:13Z,0.63751653,0.99753648,1.222236192,0.984931343,native,3,NA,NA,July,2024,20.7,7/2/24,184,0.73,6.91170833,-0.4501750728739526,0.2006821252150131
9,26,2024-07-02T08:35:25Z,0.346766729,0.999867088,5.834806786,0.96627156300000006,chamber,3,1,1,July,2024,19.5,7/2/24,184,0.7,6.91170833,-1.0591029758175736,1.7638411522511135
9,27,2024-07-02T08:43:53Z,0.220701209,0.983096119,3.157651307,0.975351686,phragmites,3,NA,NA,July,2024,19.8,7/2/24,184,0.67,6.91170833,-1.510945487709983,1.1498284939677061
10,28,2024-07-02T08:54:05Z,0.012369497,0.975247907,1.198025031,0.966055804,native,3,NA,NA,July,2024,19.8,7/2/24,184,0.66,6.91170833,-4.392521756298597,0.18067439346496456
10,29,2024-07-02T09:07:18Z,0.197307654,0.999165427,1.786887761,0.997748667,chamber,3,1,0,July,2024,20.1,7/2/24,184,0.63,6.91170833,-1.6229910729908694,0.580475425586952
10,30,2024-07-02T09:16:18Z,0.030010696,0.984152495,2.311113523,0.999243095,phragmites,3,NA,NA,July,2024,20.2,7/2/24,184,0.59,6.91170833,-3.5062014275295543,0.8377294529762775
11,31,2024-07-02T09:27:57Z,0.026165796,0.740552137,0.937668893,0.989045163,native,3,NA,NA,July,2024,20.5,7/2/24,184,0.56,6.91170833,-3.643302217300822,-0.06435838482975678
11,32,2024-07-02T09:39:11Z,0.114747393,0.988517823,3.315060431,0.989157071,chamber,3,0,0,July,2024,20.4,7/2/24,184,0.54,6.91170833,-2.16502214925381,1.1984758530342636
11,33,2024-07-02T09:49:53Z,0.090223202,0.984087268,0.933915793,0.97654568,phragmites,3,NA,NA,July,2024,20.3,7/2/24,184,0.52,6.91170833,-2.4054686566097323,-0.06836900220529624
12,34,2024-07-02T10:29:10Z,0.004406343,0.980935717,0.891098785,0.96177562,native,3,NA,NA,July,2024,21,7/2/24,184,0.35,6.91170833,-5.424710185243453,-0.11529998784772771
12,35,2024-07-02T10:43:15Z,0.011747293,0.997204752,1.276669101,0.961863998,chamber,3,0,1,July,2024,20.6,7/2/24,184,0.31,6.91170833,-4.444132447912928,0.24425442131113875
12,36,2024-07-02T10:54:48Z,0.006268408,0.992211719,1.154033135,0.998506727,phragmites,3,NA,NA,July,2024,20.6,7/2/24,184,0.28,6.91170833,-5.072232864073286,0.14326288084526967
1,1,2024-07-02T11:10:29Z,0.040789041,0.999871012,1.751768572,0.998779194,native,1,NA,NA,July,2024,20.9,7/2/24,184,0.21,6.91170833,-3.1993418365934287,0.5606258901817649
1,2,2024-07-02T11:20:37Z,0.003593578,0.978449547,0.479792688,0.963349334,chamber,1,0,0,July,2024,21.9,7/2/24,184,0.17,6.91170833,-5.628606915433546,-0.7344011683758693
1,3,2024-07-02T11:35:47Z,0.196839408,0.995838235,3.135529211,0.995687329,phragmites,1,NA,NA,July,2024,21.4,7/2/24,184,0.13,6.91170833,-1.6253670705076793,1.1427979671750519
2,4,2024-07-02T11:47:54Z,0.069797195,0.999243615,2.105186777,0.998761603,native,1,NA,NA,July,2024,21.7,7/2/24,184,0.09,6.91170833,-2.662161456267717,0.7444041933643272
2,5,2024-07-02T12:08:55Z,1.237915579,0.989882877,4.081410607,0.983214523,chamber,1,1,0,July,2024,20.4,7/2/24,184,0.02,6.91170833,0.2134289804994597,1.4064426656726063
2,6,2024-07-02T12:20:00Z,0.040923351,0.967958014,1.928472049,0.999254823,phragmites,1,NA,NA,July,2024,21.5,7/2/24,184,-0.01,6.91170833,-3.1960544497560357,0.6567280049131986
3,7,2024-07-02T14:43:58Z,2.45e-6,0.824135943,7.298947456,0.999898805,native,1,NA,NA,July,2024,22.8,7/2/24,184,-0.03,6.91170833,-12.919422533407639,1.9877301536492284
3,8,2024-07-02T14:52:50Z,1.33512e-4,0.006336941,5.846094365,0.999411789,chamber,1,0,1,July,2024,23.2,7/2/24,184,-0.02,6.91170833,-8.921319196523172,1.76577380836514
3,9,2024-07-02T15:03:50Z,8.1289e-4,0.882549446,4.146009659,0.962072244,phragmites,1,NA,NA,July,2024,23.1,7/2/24,184,0.02,6.91170833,-7.114914758923531,1.4221463437262623
4,10,2024-07-02T15:46:39Z,0.001388083,0.963039123,3.867125905,0.999809465,native,1,NA,NA,July,2024,23.4,7/2/24,184,0.15,6.91170833,-6.579831620414477,1.352511570926268
4,11,2024-07-02T15:59:05Z,0.038201536,0.999669319,2.675786631,0.999492221,chamber,1,1,1,July,2024,22.2,7/2/24,184,0.18,6.91170833,-3.264879554753901,0.9842434047821005
4,12,2024-07-02T16:10:08Z,0.191971955,0.979590717,1.929046419,0.973839851,phragmites,1,NA,NA,July,2024,23.7,7/2/24,184,0.22,6.91170833,-1.6504059853316155,0.6570257973976724
5,13,2024-07-02T16:18:42Z,0.03301407,0.970407911,2.24001662,0.970332215,native,2,NA,NA,July,2024,24.3,7/2/24,184,0.23,6.91170833,-3.410821444746441,0.8064832854822802
5,14,2024-07-02T16:28:33Z,9.7206e-4,0.951868459,1.660499971,0.998890905,chamber,2,1,0,July,2024,24.5,7/2/24,184,0.27,6.91170833,-6.936093027013892,0.5071187443700449
5,15,2024-07-02T16:37:53Z,0.145440148,0.999471259,2.82479313,0.999480913,phragmites,2,NA,NA,July,2024,24.3,7/2/24,184,0.31,6.91170833,-1.927990630951726,1.038435133598496
6,16,2024-07-02T16:50:54Z,0.022667192,0.972240607,2.635277463,0.999608241,native,2,NA,NA,July,2024,23.1,7/2/24,184,0.35,6.91170833,-3.786836686272122,0.9689884755010031
6,17,2024-07-02T17:01:00Z,0.807542301,0.999922528,3.247503404,0.999282602,chamber,2,0,1,July,2024,22.3,7/2/24,184,0.36,6.91170833,-0.21375984011806004,1.1778865177529843
6,18,2024-07-02T17:08:54Z,0.205458184,0.975053561,2.098711231,0.965109971,phragmites,2,NA,NA,July,2024,23.8,7/2/24,184,0.39,6.91170833,-1.5825127499364784,0.7413234568149342
7,19,2024-07-02T17:26:13Z,0.023857111,0.998090221,2.739834576,0.965066559,native,2,NA,NA,July,2024,23.8,7/2/24,184,0.43,6.91170833,-3.7356729509509283,1.0078975448547844
7,20,2024-07-02T17:35:11Z,0.019853195,0.950270414,4.811308869,0.883821243,chamber,2,1,1,July,2024,23.1,7/2/24,184,0.45,6.91170833,-3.919390327622313,1.5709691612385472
7,21,2024-07-02T17:43:44Z,0.009400704,0.999386063,1.740994935,0.962315102,phragmites,2,NA,NA,July,2024,22.8,7/2/24,184,0.47,6.91170833,-4.666970698893545,0.5544567515342612
8,22,2024-07-02T17:57:07Z,0.005696418,0.977532562,3.190016654,0.999605416,native,2,NA,NA,July,2024,24,7/2/24,184,0.5,6.91170833,-5.167917722733537,1.1600261374727805
8,23,2024-07-02T18:05:24Z,0.004777694,0.991052855,1.65679382,0.968941161,chamber,2,0,0,July,2024,23,7/2/24,184,0.52,6.91170833,-5.3437972756622525,0.5048843010101947
8,24,2024-07-02T18:14:45Z,0.001432241,0.942397675,4.857814943,0.963581027,phragmites,2,NA,NA,July,2024,24.3,7/2/24,184,0.52,6.91170833,-6.548514928514496,1.5805887366061642
1,1,2024-07-10T13:27:28Z,5.00253e-4,0.80372543,1.428054167,0.998119215,native,1,NA,NA,July,2024,29.7,7/10/24,192,1.71,7.67716667,-7.600396587516914,0.3563127952708189
1,2,2024-07-10T14:16:34Z,0.095160884,0.976659131,2.600042596,0.96738619,chamber,1,0,0,July,2024,27.3,7/10/24,192,1.62,7.67716667,-2.352186303973042,0.9555278279701583
1,3,2024-07-10T14:28:47Z,2.45e-6,0.951643568,1.356098745,0.99797959,phragmites,1,NA,NA,July,2024,31.7,7/10/24,192,1.6,7.67716667,-12.919422533407639,0.3046120076633585
2,4,2024-07-10T14:42:02Z,0.00483302,0.975676439,2.051464437,0.999322848,native,1,NA,NA,July,2024,29.7,7/10/24,192,1.59,7.67716667,-5.332283747911323,0.7185538976292053
2,5,2024-07-10T14:53:35Z,2.45e-6,0.064503386,0.169684812,0.841501568,chamber,1,1,0,July,2024,28.9,7/10/24,192,1.55,7.67716667,-12.919422533407639,-1.7738126098633287
2,6,2024-07-10T15:03:47Z,2.45e-6,0.46642053,1.944030685,0.999389389,phragmites,1,NA,NA,July,2024,30.1,7/10/24,192,1.53,7.67716667,-12.919422533407639,0.6647634903786945
3,7,2024-07-10T15:16:51Z,0.001533399,0.957598989,4.241964992,0.999862756,native,1,NA,NA,July,2024,29.8,7/10/24,192,1.48,7.67716667,-6.480268438985251,1.4450266033974515
3,8,2024-07-10T15:25:54Z,0.001027361,0.94377092,2.253655649,0.966915177,chamber,1,0,1,July,2024,29,7/10/24,192,1.46,7.67716667,-6.880761900550375,0.8125536306546312
3,9,2024-07-10T15:37:45Z,7.08837e-4,0.963422305,1.909432697,0.963505235,phragmites,1,NA,NA,July,2024,29.3,7/10/24,192,1.45,7.67716667,-7.251884959132888,0.6468061806626838
4,10,2024-07-10T16:00:04Z,6.28363e-4,0.923780879,2.005360324,0.963334769,native,1,NA,NA,July,2024,29.6,7/10/24,192,1.4,7.67716667,-7.372392533010747,0.695823757330341
4,10,2024-07-10T16:00:04Z,6.28363e-4,0.923780879,2.005360324,0.963334769,native,1,1,1,July,2024,28.2,7/10/24,192,1.37,7.67716667,-7.372392533010747,0.695823757330341
4,11,2024-07-10T16:12:09Z,1.92962e-4,0.313780353,2.055229993,0.97443371,chamber,1,NA,NA,July,2024,29.2,7/10/24,192,1.31,7.67716667,-8.553017279636714,0.7203877604205569
4,11,2024-07-10T16:12:09Z,1.92962e-4,0.313780353,2.055229993,0.97443371,chamber,2,NA,NA,July,2024,29.2,7/10/24,192,1.27,7.67716667,-8.553017279636714,0.7203877604205569
4,12,2024-07-10T16:23:25Z,2.02962e-4,0.264888736,1.472695415,0.958941289,phragmites,2,1,0,July,2024,29.2,7/10/24,192,1.25,7.67716667,-8.502491788563345,0.38709433741587385
4,12,2024-07-10T16:23:25Z,2.02962e-4,0.264888736,1.472695415,0.958941289,phragmites,2,NA,NA,July,2024,28.3,7/10/24,192,1.21,7.67716667,-8.502491788563345,0.38709433741587385
6,16,2024-07-11T14:49:45Z,0.003099837,0.954184352,0.953341722,0.995893638,native,2,NA,NA,July,2024,26.8,7/11/24,193,1.02,7.86204167,-5.7764057495186085,-0.04778186457436279
6,17,2024-07-11T15:00:10Z,2.45e-6,0.030873244,1.313022966,0.998101139,chamber,2,0,1,July,2024,25.4,7/11/24,193,0.99,7.86204167,-12.919422533407639,0.27233208640912093
6,18,2024-07-11T15:11:09Z,2.45e-6,0.965950056,1.344348823,0.998719376,phragmites,2,NA,NA,July,2024,26.2,7/11/24,193,0.95,7.86204167,-12.919422533407639,0.29590974934865816
7,19,2024-07-11T15:23:39Z,0.017156936,0.99841898,3.062640348,0.968628861,native,2,NA,NA,July,2024,28.4,7/11/24,193,0.91,7.86204167,-4.065352755643678,1.1192774027391457
7,20,2024-07-11T15:34:20Z,0.019949642,0.986120035,7.690359373,0.999856508,chamber,2,1,1,July,2024,26.7,7/11/24,193,0.84,7.86204167,-3.914544080669431,2.039967514935376
7,21,2024-07-11T15:44:20Z,0.016523736,0.983184225,2.74752508,0.96977597,phragmites,2,NA,NA,July,2024,26.9,7/11/24,193,0.82,7.86204167,-4.102957386336324,1.01070053555243
8,22,2024-07-11T16:00:27Z,0.050459952,0.990886427,3.902042319,0.965562725,native,2,NA,NA,July,2024,28.2,7/11/24,193,0.77,7.86204167,-2.9865752870181916,1.3615000876059726
8,23,2024-07-11T16:10:18Z,0.002069806,0.986002998,2.154386094,0.99944125,chamber,2,0,0,July,2024,28.2,7/11/24,193,0.73,7.86204167,-6.180300395903598,0.7675058077970569
8,24,2024-07-11T16:21:19Z,0.013042464,0.999790896,7.757092456,0.999891379,phragmites,2,NA,NA,July,2024,27.3,7/11/24,193,0.7,7.86204167,-4.339544783278551,2.0486075804785697
9,25,2024-07-11T16:34:07Z,3.49855e-4,0.157275919,1.915166407,0.970094688,native,3,NA,NA,July,2024,27.8,7/11/24,193,0.61,7.86204167,-7.957991775035136,0.6498045154630622
9,26,2024-07-11T16:45:30Z,0.682914984,0.987849154,8.146617938,0.961289865,chamber,3,1,1,July,2024,25.6,7/11/24,193,0.59,7.86204167,-0.3813849015366706,2.097602864193501
9,27,2024-07-11T16:58:11Z,0.434167995,0.999081719,4.547098206,0.96788673,phragmites,3,NA,NA,July,2024,26.6,7/11/24,193,0.56,7.86204167,-0.8343237345264454,1.5144892725863286
10,28,2024-07-11T17:20:59Z,0.001290134,0.294121002,1.922617978,0.999012087,native,3,NA,NA,July,2024,27.1,7/11/24,193,0.48,7.86204167,-6.6530091900342985,0.6536877874848774
10,29,2024-07-11T17:32:00Z,2.45e-6,0.962170388,1.983871726,0.996784439,chamber,3,1,0,July,2024,26.6,7/11/24,193,0.41,7.86204167,-12.919422533407639,0.685050352538635
10,30,2024-07-11T17:43:29Z,0.168620645,0.996295691,3.65892054,0.999707708,phragmites,3,NA,NA,July,2024,26.7,7/11/24,193,0.37,7.86204167,-1.7801037913259041,1.2971681694853339
11,31,2024-07-11T17:56:18Z,0.019259415,0.966720889,1.284679713,0.972077604,native,3,NA,NA,July,2024,27,7/11/24,193,0.3,7.86204167,-3.9497552469052275,0.25050943669543624
11,33,2024-07-11T18:07:22Z,2.45e-6,0.006819918,1.537473061,0.998245629,phragmites,3,NA,NA,July,2024,26.5,7/11/24,193,0.24,7.86204167,-12.919422533407639,0.4301401992442231
12,34,2024-07-11T18:17:23Z,0.044644264,0.999466455,1.036374794,0.971822552,native,3,NA,NA,July,2024,26.5,7/11/24,193,0.22,7.86204167,-3.109029445757537,0.035728848684475734
12,35,2024-07-11T18:28:48Z,2.45e-6,0.101899282,1.209312158,0.967518,chamber,3,0,1,July,2024,25.8,7/11/24,193,0.17,7.86204167,-12.919422533407639,0.19005173350865742
12,36,2024-07-11T18:40:48Z,2.45e-6,0.963014993,0.75104977,0.973591959,phragmites,3,NA,NA,July,2024,26.3,7/11/24,193,0.13,7.86204167,-12.919422533407639,-0.2862833577760541
5,13,2024-07-18T09:06:01Z,2.45e-6,0.051456027,1.394567772,0.99864226,native,2,NA,NA,July,2024,26.5,7/18/24,200,1.2,7.72428571,-12.919422533407639,0.33258452640251723
5,14,2024-07-18T09:16:44Z,6.54682e-4,0.950350584,1.48873626,0.998627133,chamber,2,1,0,July,2024,25.9,7/18/24,200,1.19,7.72428571,-7.331360936403659,0.39792761242563973
5,15,2024-07-18T09:27:17Z,8.55767e-4,0.8515288,1.426716768,0.998568177,phragmites,2,NA,NA,July,2024,26.4,7/18/24,200,1.17,7.72428571,-7.063512415136341,0.35537583806599105
6,16,2024-07-18T09:39:19Z,2.75116e-4,0.381636337,1.257643899,0.997230207,native,2,NA,NA,July,2024,25.8,7/18/24,200,1.15,7.72428571,-8.198317731056164,0.22924004904922002
6,17,2024-07-18T09:48:45Z,0.001065014,0.974541796,0.991174529,0.961148236,chamber,2,0,1,July,2024,25.1,7/18/24,200,1.11,7.72428571,-6.844767334367244,-0.008864646132167477
6,18,2024-07-18T09:59:00Z,4.55814e-4,0.846625648,1.256563784,0.963236616,phragmites,2,NA,NA,July,2024,25.8,7/18/24,200,1.09,7.72428571,-7.6934257263984165,0.2283808399442983
7,19,2024-07-18T10:11:40Z,7.29366e-4,0.91632532,2.383572565,0.999561843,native,2,NA,NA,July,2024,26.1,7/18/24,200,1.02,7.72428571,-7.223334894331203,0.8686004399234574
7,20,2024-07-18T10:26:20Z,0.001617558,0.964773687,3.104917383,0.966995649,chamber,2,1,1,July,2024,25.5,7/18/24,200,0.99,7.72428571,-6.426837674426839,1.1329871073019817
7,21,2024-07-18T10:36:55Z,0.00162027,0.955826692,2.248216233,0.961595404,phragmites,2,NA,NA,July,2024,25.8,7/18/24,200,0.95,7.72428571,-6.425162476958524,0.8101371164625134
8,22,2024-07-18T10:47:11Z,0.001393162,0.968566868,2.519393421,0.965605527,native,2,NA,NA,July,2024,26.2,7/18/24,200,0.9,7.72428571,-6.57617929518176,0.9240181665966237
8,23,2024-07-18T10:59:31Z,2.43888e-4,0.749491374,1.402974718,0.957718048,chamber,2,0,0,July,2024,25.8,7/18/24,200,0.86,7.72428571,-8.318801454444788,0.33859478100072804
8,24,2024-07-18T11:09:15Z,0.002842968,0.994013583,3.979119898,0.969117795,phragmites,2,NA,NA,July,2024,26.1,7/18/24,200,0.83,7.72428571,-5.862906702092413,1.3810606636874685
9,25,2024-07-18T11:19:35Z,7.02758e-4,0.96823229,1.286859891,0.963015647,native,3,NA,NA,July,2024,26,7/18/24,200,0.8,7.72428571,-7.260497964393264,0.2522050578859221
9,26,2024-07-18T11:31:52Z,0.064300264,0.981466674,3.757889836,0.999233616,chamber,3,1,1,July,2024,25.3,7/18/24,200,0.71,7.72428571,-2.744191541992715,1.3238575860325896
9,27,2024-07-18T11:43:20Z,0.02640906,0.951894325,2.740903337,0.981085676,phragmites,3,NA,NA,July,2024,25.7,7/18/24,200,0.68,7.72428571,-3.6340481458850955,1.0082875511023055
10,28,2024-07-18T11:51:33Z,0.002984246,0.996864256,1.676061336,0.961008308,native,3,NA,NA,July,2024,25.6,7/18/24,200,0.64,7.72428571,-5.814408160360302,0.5164465980489612
10,29,2024-07-18T12:01:21Z,0.016967399,0.997944535,1.942162356,0.969555815,chamber,3,1,0,July,2024,25.7,7/18/24,200,0.59,7.72428571,-4.076461481960435,0.66380196884632
10,30,2024-07-18T12:11:35Z,0.002953671,0.305595598,3.10732543,0.998907574,phragmites,3,NA,NA,July,2024,25.8,7/18/24,200,0.55,7.72428571,-5.824706475483122,1.1337623658335925
11,31,2024-07-18T12:23:40Z,1.25e-5,8.04602e-4,0.424071216,0.961625809,native,3,NA,NA,July,2024,25.9,7/18/24,200,0.5,7.72428571,-11.289781913656018,-0.8578538755901102
11,33,2024-07-18T12:33:58Z,0.011478401,0.536550387,0.692467574,0.933905655,phragmites,3,NA,NA,July,2024,25.8,7/18/24,200,0.46,7.72428571,-4.467288183506159,-0.36749386656568334
12,34,2024-07-18T13:35:03Z,0.001056527,0.90280927,1.22898605,0.998265058,native,3,NA,NA,July,2024,25.7,7/18/24,200,0.3,7.72428571,-6.8527681651533126,0.206189479827859
12,35,2024-07-18T13:49:20Z,5.13285e-4,0.044050334,0.909320907,0.980685816,chamber,3,0,1,July,2024,25.6,7/18/24,200,0.26,7.72428571,-7.5746793115018045,-0.09505721410284602
1,1,2024-07-18T14:30:31Z,0.008597829,0.996171149,1.580828385,0.998997278,native,1,NA,NA,July,2024,26.6,7/18/24,200,0.21,7.72428571,-4.75624554945195,0.45794900394843563
1,2,2024-07-18T14:41:39Z,0.004703034,0.977810753,0.210746345,0.912583502,chamber,1,0,0,July,2024,28.3,7/18/24,200,0.21,7.72428571,-5.359547446617333,-1.557100025073811
1,3,2024-07-18T14:53:16Z,0.052465781,0.877598179,2.02621589,0.960150497,phragmites,1,NA,NA,July,2024,28.5,7/18/24,200,0.2,7.72428571,-2.947594112368507,0.7061699598730009
2,4,2024-07-18T15:06:04Z,0.004892886,0.966894501,2.38630884,0.999376262,native,1,NA,NA,July,2024,27.2,7/18/24,200,0.19,7.72428571,-5.319972965536389,0.8697477536899105
2,5,2024-07-18T15:17:40Z,2.45e-6,0.949889971,0.441108022,0.941594526,chamber,1,1,0,July,2024,25.6,7/18/24,200,0.16,7.72428571,-12.919422533407639,-0.8184654856843117
2,6,2024-07-18T15:29:12Z,0.043973305,0.879845869,1.774615145,0.964178714,phragmites,1,NA,NA,July,2024,27.1,7/18/24,200,0.16,7.72428571,-3.124172533729008,0.573583579700276
3,7,2024-07-18T15:40:13Z,4.41039e-4,0.812718542,9.487259631,0.999941535,native,1,NA,NA,July,2024,27.8,7/18/24,200,0.15,7.72428571,-7.726377251053456,2.249949807064835
3,8,2024-07-18T15:50:00Z,5.55468e-4,0.908022124,6.303006446,0.999895771,chamber,1,0,1,July,2024,26.5,7/18/24,200,0.16,7.72428571,-7.495699556304441,1.8410267332180592
3,9,2024-07-18T15:59:02Z,0.003140362,0.992828323,6.051283179,0.999746016,phragmites,1,NA,NA,July,2024,26.8,7/18/24,200,0.16,7.72428571,-5.763417199082763,1.8002703452561157
4,10,2024-07-18T16:12:20Z,0.0108432,0.965882382,5.328462051,0.999885979,native,1,NA,NA,July,2024,27.6,7/18/24,200,0.13,7.72428571,-4.524217123582425,1.6730626507617987
4,11,2024-07-18T16:26:20Z,0.123241965,0.990279046,3.02087137,0.962911125,chamber,1,1,1,July,2024,26.9,7/18/24,200,0.14,7.72428571,-2.093605660882243,1.1055453228816878
4,12,2024-07-18T16:37:00Z,0.006628345,0.832237729,2.159090207,0.99941564,phragmites,1,NA,NA,July,2024,27.6,7/18/24,200,0.17,7.72428571,-5.016400128871448,0.7696869325032796
1,1,2024-08-21T11:23:49Z,0.004809746,0.981746136,1.605266383,0.996583406,native,1,NA,NA,August,2024,19.6,8/21/24,234,1.06,6.56408333,-5.337111002911594,0.4732897135268745
1,2,2024-08-21T11:40:53Z,0.061303487,0.961487738,1.354039529,0.998395155,chamber,1,0,0,August,2024,20.1,8/21/24,234,1.02,6.56408333,-2.791918553481632,0.3030923683032307
1,3,2024-08-21T11:59:40Z,0.009293629,0.819264607,2.4439842450000002,0.996609581,phragmites,1,NA,NA,August,2024,19.7,8/21/24,234,0.97,6.56408333,-4.678426167342917,0.8936295948892256
2,4,2024-08-21T12:14:30Z,0.035215447,0.968331191,2.814563458,0.999660568,native,1,NA,NA,August,2024,20.5,8/21/24,234,0.92,6.56408333,-3.346270457410831,1.0348071724789252
2,6,2024-08-21T12:30:15Z,0.00827686,0.987003647,1.062140031,0.964591768,phragmites,1,1,0,August,2024,18.4,8/21/24,234,0.84,6.56408333,-4.7942916095628725,0.06028577005972111
2,5,2024-08-21T12:39:14Z,0.072810251,0.983387965,2.820701141,0.979520527,chamber,1,NA,NA,August,2024,19.7,8/21/24,234,0.89,6.56408333,-2.619898523252796,1.0369854856066019
3,7,2024-08-21T12:57:54Z,4.85451e-4,0.904643934,6.151497229,0.999844255,native,1,NA,NA,August,2024,19.8,8/21/24,234,0.79,6.56408333,-7.63043220220586,1.8166955040587476
3,8,2024-08-21T13:10:01Z,0.0034773,0.894463646,2.834462224,0.997978707,chamber,1,0,1,August,2024,20.8,8/21/24,234,0.74,6.56408333,-5.661499148401465,1.041852227475209
3,9,2024-08-21T13:22:27Z,0.004731394,0.950352815,3.524030753,0.999350818,phragmites,1,NA,NA,August,2024,20.3,8/21/24,234,0.7,6.56408333,-5.353535405310371,1.2596054347668428
4,10,2024-08-21T13:33:08Z,0.029612161,0.993419321,2.457851776,0.966250219,native,1,NA,NA,August,2024,20.8,8/21/24,234,0.67,6.56408333,-3.519570157431059,0.8992877066404532
4,11,2024-08-21T13:41:54Z,0.074203397,0.970812126,1.112852046,0.947320169,chamber,1,1,1,August,2024,19.6,8/21/24,234,0.61,6.56408333,-2.6009453481855918,0.1069261308425294
4,12,2024-08-21T13:51:13Z,1.703248409,0.985131461,1.283032929,0.965136039,phragmites,1,NA,NA,August,2024,19.1,8/21/24,234,0.6,6.56408333,0.5325372565746241,0.24922675093157848
5,15,2024-08-21T14:17:29Z,0.124944804,0.983519106,2.967222251,0.999452746,phragmites,2,NA,NA,August,2024,21.2,8/21/24,234,0.43,6.56408333,-2.079883207199694,1.0876262461540724
5,14,2024-08-21T14:28:21Z,0.004805607,0.895719792,1.033402918,0.99608003,chamber,2,1,0,August,2024,20.2,8/21/24,234,0.46,6.56408333,-5.337971917795456,0.03285716055575481
5,13,2024-08-21T14:39:04Z,0.054414104,0.965390688,2.666843018,0.960757332,native,2,NA,NA,August,2024,19.5,8/21/24,234,0.5,6.56408333,-2.9111318940176436,0.9808953825751184
6,16,2024-08-21T14:50:57Z,0.017966954,0.961299197,1.662647232,0.997573577,native,2,NA,NA,August,2024,19.9,8/21/24,234,0.37,6.56408333,-4.019221097284325,0.5084110502281174
6,17,2024-08-21T15:00:09Z,0.342744286,0.972782999,1.208242512,0.959506778,chamber,2,0,1,August,2024,18.7,8/21/24,234,0.34,6.56408333,-1.070770631721711,0.18916683433092882
6,18,2024-08-21T15:09:55Z,0.594672101,0.972624576,1.218979782,0.998832367,phragmites,2,NA,NA,August,2024,19.7,8/21/24,234,0.32,6.56408333,-0.5197451160991327,0.1980142646355848
7,19,2024-08-21T15:25:46Z,0.00690828,0.989127963,2.533945314,0.999559455,native,2,NA,NA,August,2024,21.5,8/21/24,234,0.24,6.56408333,-4.975034586803441,0.929777500766313
7,20,2024-08-21T15:35:23Z,0.059612715,0.998017368,6.374098394,0.999733854,chamber,2,1,1,August,2024,20,8/21/24,234,0.17,6.56408333,-2.8198863887381713,1.8522426526503948
7,21,2024-08-21T15:44:05Z,0.080125178,0.997866162,1.444984892,0.998283341,phragmites,2,NA,NA,August,2024,19.7,8/21/24,234,0.14,6.56408333,-2.524165142214909,0.3680988661464159
8,22,2024-08-21T15:54:09Z,0.134263212,0.973503708,3.925577831,0.996631112,native,2,NA,NA,August,2024,21.2,8/21/24,234,0.11,6.56408333,-2.0079531370276236,1.3675135584880243
8,23,2024-08-21T16:08:09Z,0.027928774,0.933457308,1.051937946,0.981323959,chamber,2,0,0,August,2024,20.7,8/21/24,234,0.08,6.56408333,-3.578097795441403,0.050634125883719586
8,24,2024-08-21T16:17:31Z,0.010420501,0.941184702,3.680577069,0.970651586,phragmites,2,NA,NA,August,2024,22.7,8/21/24,234,0.05,6.56408333,-4.563980163198549,1.3030695521153481
9,25,2024-08-21T16:27:32Z,0.068527539,0.831482836,1.621137653,0.979493016,native,3,NA,NA,August,2024,20.9,8/21/24,234,0.02,6.56408333,-2.6805195853089616,0.4831281577169461
9,26,2024-08-21T16:35:45Z,0.2387284,0.99701638,6.070807225,0.999725567,chamber,3,1,1,August,2024,18.7,8/21/24,234,0.01,6.56408333,-1.432428774918252,1.8034915822262583
9,27,2024-08-21T16:44:30Z,0.077148711,0.959564533,2.98860856,0.998969452,phragmites,3,NA,NA,August,2024,19.5,8/21/24,234,-0.02,6.56408333,-2.5620204080247917,1.094807914538413
10,28,2024-08-21T16:55:11Z,0.228279001,0.991530919,1.999660219,0.999045862,native,3,NA,NA,August,2024,20.3,8/21/24,234,-0.06,6.56408333,-1.4771867095278661,0.6929772756269196
10,29,2024-08-21T17:03:00Z,1.027827237,0.9946099,1.18062287,0.981031826,chamber,3,1,0,August,2024,19.8,8/21/24,234,-0.06,6.56408333,0.02744709551675112,0.1660421551428407
10,30,2024-08-21T17:15:49Z,0.693075419,0.997493296,2.111635213,0.999606462,phragmites,3,NA,NA,August,2024,19.4,8/21/24,234,-0.06,6.56408333,-0.366616455987929,0.7474626298085808
11,31,2024-08-21T17:26:09Z,0.81734565,0.989443369,1.060025173,0.961802929,native,3,NA,NA,August,2024,20.3,8/21/24,234,-0.06,6.56408333,-0.2016932013765277,0.05829265595520144
11,33,2024-08-21T17:50:55Z,0.008881651,0.983549508,1.456302545,0.997763097,phragmites,3,0,0,August,2024,20.6,8/21/24,234,-0.01,6.56408333,-4.723767815836252,0.3759007200843529
11,32,2024-08-21T17:58:36Z,0.035676397,0.958329434,1.071274666,0.996662521,chamber,3,NA,NA,August,2024,20.2,8/21/24,234,-0.04,6.56408333,-3.333265957310951,0.0688492161023442
12,34,2024-08-21T18:09:05Z,0.011079541,0.975946826,1.172153145,0.998509617,native,3,NA,NA,August,2024,20.8,8/21/24,234,0.02,6.56408333,-4.502655024513859,0.15884235241348868
12,35,2024-08-21T18:18:05Z,0.719975783,0.997485123,1.371358328,0.962933414,chamber,3,0,1,August,2024,20.2,8/21/24,234,0.08,6.56408333,-0.32853770225991824,0.3158017289400642
12,36,2024-08-21T18:27:08Z,0.003686506,0.923785897,0.757826409,0.997093817,phragmites,3,NA,NA,August,2024,19.3,8/21/24,234,0.08,6.56408333,-5.603076152975877,-0.27730093144033974
1,1,2025-05-19T09:51:32Z,2.45e-6,0.125486179,1.672675507,0.998644759,native,1,NA,NA,May,2025,17.4,5/19/25,139,0.05,5.34554167,-12.919422533407639,0.5144244444355301
1,2,2025-05-19T09:59:49Z,2.45e-6,0.005348024,0.538475269,0.991037816,chamber,1,0,0,May,2025,17.6,5/19/25,139,0.09,5.34554167,-12.919422533407639,-0.6190137091599034
1,3,2025-05-19T10:09:28Z,0.035981521,0.964294039,3.106366047,0.963975726,phragmites,1,NA,NA,May,2025,18.1,5/19/25,139,0.09,5.34554167,-3.324749777867979,1.1334535693601355
2,4,2025-05-19T10:22:07Z,2.774e-4,0.053652746,0.986981355,0.964363008,native,1,NA,NA,May,2025,18.2,5/19/25,139,0.13,5.34554167,-8.190050050083542,-0.013104130304592326
2,5,2025-05-19T10:30:21Z,0.001438158,0.922612913,1.193223912,0.96240034,chamber,1,1,0,May,2025,16.8,5/19/25,139,0.17,5.34554167,-6.544392150892931,0.17665881368561223
2,6,2025-05-19T10:40:08Z,0.001046452,0.351448202,1.115397186,0.967612359,phragmites,1,NA,NA,May,2025,17.6,5/19/25,139,0.2,5.34554167,-6.862349884306453,0.10921056210838026
3,7,2025-05-19T10:48:21Z,2.45e-6,0.747248437,3.690907902,0.965911328,native,1,NA,NA,May,2025,18.6,5/19/25,139,0.22,5.34554167,-12.919422533407639,1.305872471691038
3,8,2025-05-19T10:55:42Z,2.45e-6,0.61920105,2.602794511,0.963620953,chamber,1,0,1,May,2025,18.7,5/19/25,139,0.25,5.34554167,-12.919422533407639,0.9565856797537265
3,9,2025-05-19T11:04:22Z,2.45e-6,0.366833544,2.912501604,0.971469596,phragmites,1,NA,NA,May,2025,18.4,5/19/25,139,0.3,5.34554167,-12.919422533407639,1.069012369621281
4,10,2025-05-19T11:14:44Z,4.42936e-4,0.716281061,2.014668593,0.962364486,native,1,NA,NA,May,2025,18.7,5/19/25,139,0.32,5.34554167,-7.722085267881825,0.7004547118967908
4,11,2025-05-19T11:23:03Z,7.72896e-4,0.913897513,1.644941803,0.998548255,chamber,1,1,1,May,2025,17.7,5/19/25,139,0.34,5.34554167,-7.165366059178594,0.49770500547601343
4,12,2025-05-19T11:33:38Z,0.015093027,0.942907158,0.868610014,0.961318703,phragmites,1,NA,NA,May,2025,17.7,5/19/25,139,0.35,5.34554167,-4.19352242989768,-0.14086103005079698
5,13,2025-05-19T11:42:06Z,2.45e-6,0.088130266,1.286751811,0.996941068,native,2,NA,NA,May,2025,19.2,5/19/25,139,0.37,5.34554167,-12.919422533407639,0.2521210669715356
5,14,2025-05-19T11:49:10Z,0.010213597,0.981707487,7.498229023,0.925369488,chamber,2,1,0,May,2025,19.3,5/19/25,139,0.39,5.34554167,-4.584035407184189,2.014666862392457
5,15,2025-05-19T11:57:12Z,0.001767499,0.967235649,3.283474916,0.999031531,phragmites,2,NA,NA,May,2025,18.9,5/19/25,139,0.39,5.34554167,-6.338189725964569,1.1889022872105428
6,16,2025-05-19T12:08:13Z,5.25389e-4,0.904456527,2.547262357,0.999600767,native,2,NA,NA,May,2025,17.6,5/19/25,139,0.43,5.34554167,-7.551371617361392,0.9350191969744375
6,17,2025-05-19T12:16:32Z,0.001111878,0.919284574,1.079162552,0.963848634,chamber,2,0,1,May,2025,17.8,5/19/25,139,0.48,5.34554167,-6.801704801402789,0.07618532553174491
6,18,2025-05-19T12:24:09Z,0.006214063,0.973018958,1.549085943,0.997370028,phragmites,2,NA,NA,May,2025,18.8,5/19/25,139,0.5,5.34554167,-5.080940329665507,0.4376650427878013
7,19,2025-05-19T12:36:07Z,2.45e-6,0.638930917,2.390376603,0.998806679,native,2,NA,NA,May,2025,18.9,5/19/25,139,0.54,5.34554167,-12.919422533407639,0.8714509280068529
7,20,2025-05-19T12:44:44Z,0.002820966,0.942995526,5.203452948,0.999663764,chamber,2,1,1,May,2025,20.7,5/19/25,139,0.56,5.34554167,-5.870675899498575,1.6493224336795702
7,21,2025-05-19T12:53:26Z,4.27e-5,0.068307166,1.00796705,0.959759544,phragmites,2,NA,NA,May,2025,18.6,5/19/25,139,0.58,5.34554167,-10.061311637729695,0.007935480622832957
8,22,2025-05-19T13:01:59Z,2.45e-6,0.532924251,1.832651501,0.998318666,native,2,NA,NA,May,2025,18.8,5/19/25,139,0.58,5.34554167,-12.919422533407639,0.6057638258497261
8,23,2025-05-19T13:11:22Z,2.45e-6,0.09726757,1.537713374,0.998912655,chamber,2,0,0,May,2025,19.6,5/19/25,139,0.6,5.34554167,-12.919422533407639,0.4302964909069035
8,24,2025-05-19T13:19:12Z,2.45e-6,0.005811178,2.120167021,0.998372875,phragmites,2,NA,NA,May,2025,18.6,5/19/25,139,0.61,5.34554167,-12.919422533407639,0.7514948690712309
9,25,2025-05-19T13:33:22Z,5.92998e-4,0.922476232,1.183863086,0.998005833,native,3,NA,NA,May,2025,18.8,5/19/25,139,0.63,5.34554167,-7.4303195316535176,0.1687828929510365
9,26,2025-05-19T13:43:49Z,0.01822912,0.981516318,4.156127052,0.999101435,chamber,3,1,1,May,2025,18.4,5/19/25,139,0.64,5.34554167,-4.00473496353569,1.4245836435108028
9,27,2025-05-19T13:51:11Z,0.001241642,0.975528925,2.086330973,0.996042738,phragmites,3,NA,NA,May,2025,18.9,5/19/25,139,0.69,5.34554167,-6.691320581787863,0.7354070079429312
10,28,2025-05-19T15:10:24Z,0.002801033,0.997087067,3.758852558,0.966394541,native,3,NA,NA,May,2025,20.2,5/19/25,139,0.69,5.34554167,-5.877767001266962,1.324113740083055
10,29,2025-05-19T15:21:30Z,0.185980813,0.975277458,1.382007059,0.964382844,chamber,3,1,0,May,2025,19.7,5/19/25,139,0.7,5.34554167,-1.6821117665038516,0.3235368331471945
10,30,2025-05-19T15:30:17Z,0.052114674,0.996076679,0.931031774,0.96960089,phragmites,3,NA,NA,May,2025,18.6,5/19/25,139,0.66,5.34554167,-2.9543087192071353,-0.07146187339378465
11,31,2025-05-19T15:37:43Z,2.53475e-4,0.725899766,1.39780505,0.997683865,native,3,NA,NA,May,2025,19.8,5/19/25,139,0.69,5.34554167,-8.280245359125631,0.3349031848745114
11,32,2025-05-19T15:46:27Z,0.016974031,0.967150671,0.692240115,0.971402545,chamber,3,0,0,May,2025,19.8,5/19/25,139,0.64,5.34554167,-4.076070691113708,-0.3678223965563127
11,33,2025-05-19T15:55:12Z,0.091431109,0.981764138,4.029556971,0.963718925,phragmites,3,NA,NA,May,2025,17.8,5/19/25,139,0.61,5.34554167,-2.392169497381387,1.393656437161201
12,34,2025-05-19T16:03:50Z,9.99079e-4,0.90441222,0.846684593,0.956846178,native,3,NA,NA,May,2025,19.8,5/19/25,139,0.61,5.34554167,-6.908676703363227,-0.16642703502716014
12,35,2025-05-19T16:11:47Z,0.038044679,0.968119008,4.592630578,0.999785392,chamber,3,0,1,May,2025,17.9,5/19/25,139,0.6,5.34554167,-3.2689940467660366,1.5244529705826322
12,36,2025-05-19T16:19:27Z,0.002962904,0.852714296,0.694459614,0.95661435,phragmites,3,NA,NA,May,2025,18.8,5/19/25,139,0.57,5.34554167,-5.821585410510592,-0.36462126966648944
5,13,2025-05-27T10:38:40Z,2.45e-6,0.500590315,0.541484488,0.992909908,native,2,NA,NA,May,2025,16.7,5/27/25,147,1.47,6.39241667,-12.919422533407639,-0.6134408593041302
5,14,2025-05-27T10:49:13Z,2.2e-5,0.018213707,0.254538861,0.94375781,chamber,2,1,0,May,2025,15.5,5/27/25,147,1.45,6.39241667,-10.724468104605958,-1.3683017591669921
5,15,2025-05-27T10:58:27Z,2.45e-6,0.719978632,0.547838318,0.99424737,phragmites,2,NA,NA,May,2025,16.3,5/27/25,147,1.4,6.39241667,-12.919422533407639,-0.6017750757130136
6,16,2025-05-27T11:09:39Z,2.45e-6,0.440401558,0.33182328,0.938305051,native,2,NA,NA,May,2025,15.8,5/27/25,147,1.36,6.39241667,-12.919422533407639,-1.1031527409384396
6,17,2025-05-27T11:19:51Z,2.45e-6,0.158054402,0.31184195,0.952209543,chamber,2,0,1,May,2025,15.1,5/27/25,147,1.34,6.39241667,-12.919422533407639,-1.165258790035665
6,18,2025-05-27T11:26:59Z,2.45e-6,0.450741382,0.479906363,0.954269845,phragmites,2,NA,NA,May,2025,16.2,5/27/25,147,1.31,6.39241667,-12.919422533407639,-0.7341642711935429
7,20,2025-05-27T11:42:37Z,2.45e-6,0.159926631,1.210030491,0.998051835,chamber,2,1,1,May,2025,15.6,5/27/25,147,1.26,6.39241667,-12.919422533407639,0.19064555846470954
7,21,2025-05-27T11:50:16Z,2.45e-6,0.352299059,0.720086641,0.995263087,phragmites,2,NA,NA,May,2025,16.1,5/27/25,147,1.24,6.39241667,-12.919422533407639,-0.32838373948945576
8,22,2025-05-27T11:59:21Z,2.45e-6,0.462019132,1.282137191,0.998176209,native,2,NA,NA,May,2025,16.5,5/27/25,147,1.2,6.39241667,-12.919422533407639,0.24852836603349815
8,23,2025-05-27T12:08:08Z,2.45e-6,0.109278237,0.488001117,0.98901343,chamber,2,0,0,May,2025,15.9,5/27/25,147,1.18,6.39241667,-12.919422533407639,-0.7174375841971833
8,24,2025-05-27T12:17:28Z,2.45e-6,0.306433925,1.604263919,0.962455121,phragmites,2,NA,NA,May,2025,16.8,5/27/25,147,1.13,6.39241667,-12.919422533407639,0.472665033939351
9,25,2025-05-27T12:28:19Z,2.72e-5,0.064798102,0.494497084,0.992696742,native,3,NA,NA,May,2025,16,5/27/25,147,1.09,6.39241667,-10.512293584662322,-0.7042140248022776
9,26,2025-05-27T12:40:06Z,2.45e-6,0.046021009,1.701639392,0.986489459,chamber,3,1,1,May,2025,16.3,5/27/25,147,1.04,6.39241667,-12.919422533407639,0.5315921346124265
9,27,2025-05-27T12:46:45Z,2.45e-6,0.039799261,0.687034322,0.995156061,phragmites,3,NA,NA,May,2025,16.2,5/27/25,147,1.01,6.39241667,-12.919422533407639,-0.3753710287646232
10,28,2025-05-27T12:57:15Z,2.45e-6,0.002346891,0.442110742,0.941872034,native,3,NA,NA,May,2025,15.8,5/27/25,147,0.98,6.39241667,-12.919422533407639,-0.8161948807749128
10,29,2025-05-27T13:07:02Z,1.7698e-4,0.5532564,0.353159413,0.93883762,chamber,3,1,0,May,2025,15.5,5/27/25,147,0.92,6.39241667,-8.63947382612507,-1.040835729086279
12,34,2025-05-29T14:02:59Z,2.45e-6,0.335295386,0.34717953,0.956211585,native,3,NA,NA,May,2025,17.1,5/29/25,149,0.96,6.92058333,-12.919422533407639,-1.057913255307268
12,35,2025-05-29T14:15:26Z,2.45e-6,0.581677949,0.451221581,0.990270059,chamber,3,0,0,May,2025,16.1,5/29/25,149,0.91,6.92058333,-12.919422533407639,-0.7957967497116205
11,31,2025-05-29T14:26:54Z,2.45e-6,0.099459663,0.234075317,0.957492031,native,3,NA,NA,May,2025,16.8,5/29/25,149,0.85,6.92058333,-12.919422533407639,-1.4521123478913065
11,32,2025-05-29T14:34:52Z,0.014649864,0.964964804,1.302739247,0.974963679,chamber,3,0,1,May,2025,16.2,5/29/25,149,0.8,6.92058333,-4.223324226838601,0.2644691606952098
12,34,2025-06-03T09:27:30Z,5.90601e-4,0.918861342,0.490240207,0.987535352,native,3,NA,NA,June,2025,14.3,6/3/25,154,0.22,6.965125,-7.434369895462523,-0.7128597896278873
12,35,2025-06-03T09:37:20Z,0.003372797,0.925328641,0.784931854,0.962547089,chamber,3,0,1,June,2025,14.1,6/3/25,154,0.21,6.965125,-5.6920129085263715,-0.24215837515903416
12,36,2025-06-03T09:48:17Z,0.0011887,0.952603938,0.152708101,0.818273442,phragmites,3,NA,NA,June,2025,14.3,6/3/25,154,0.2,6.965125,-6.7348950059776955,-1.8792270164293148
11,31,2025-06-03T09:56:23Z,8.42703e-4,0.83047485,0.905300932,0.978579335,native,3,NA,NA,June,2025,14.6,6/3/25,154,0.19,6.965125,-7.078895975206543,-0.09948786900828661
11,32,2025-06-03T10:05:52Z,8.95168e-4,0.932408654,0.372401001,0.8944767,chamber,3,0,0,June,2025,14.8,6/3/25,154,0.18,6.965125,-7.018499147807435,-0.9877840456129128
11,33,2025-06-03T10:13:57Z,0.015742605,0.948541648,3.48415294,0.958241768,phragmites,3,NA,NA,June,2025,14.3,6/3/25,154,0.18,6.965125,-4.151384547780838,1.2482249558453746
10,28,2025-06-03T10:24:21Z,5.90272e-4,0.720954018,0.984911252,0.995657075,native,3,NA,NA,June,2025,14.3,6/3/25,154,0.19,6.965125,-7.434927110351021,-0.015203741361637086
10,29,2025-06-03T10:33:38Z,0.003313165,0.992076206,0.787660781,0.991116205,chamber,3,1,0,June,2025,15.2,6/3/25,154,0.2,6.965125,-5.709851353101347,-0.23868776277225523
10,30,2025-06-03T10:43:32Z,2.45e-6,0.817373851,1.26558526,0.998415406,phragmites,3,NA,NA,June,2025,14.9,6/3/25,154,0.22,6.965125,-12.919422533407639,0.23553467131361921
9,25,2025-06-03T10:52:54Z,5.81327e-4,0.589530454,1.121882822,0.985436564,native,3,NA,NA,June,2025,14.8,6/3/25,154,0.26,6.965125,-7.450197136718217,0.11500836492646789
9,26,2025-06-03T11:04:56Z,0.002717996,0.950726563,2.427621339,0.956774843,chamber,3,1,1,June,2025,15,6/3/25,154,0.29,6.965125,-5.907860434924614,0.8869119051040538
9,27,2025-06-03T11:14:26Z,2.45e-6,0.189090962,1.341830091,0.998153046,phragmites,3,NA,NA,June,2025,15.3,6/3/25,154,0.28,6.965125,-12.919422533407639,0.2940344217410738
8,22,2025-06-03T11:23:04Z,2.45e-6,0.783144326,1.169897206,0.996890793,native,2,NA,NA,June,2025,15.7,6/3/25,154,0.33,6.965125,-12.919422533407639,0.1569158868302559
8,23,2025-06-03T11:32:46Z,8.45e-5,0.025888723,0.682729461,0.985864227,chamber,2,0,0,June,2025,15.9,6/3/25,154,0.34,6.965125,-9.378759023601146,-0.38165660183438793
8,24,2025-06-03T11:40:47Z,2.45e-6,0.706843572,1.769634204,0.997882104,phragmites,2,NA,NA,June,2025,16.1,6/3/25,154,0.38,6.965125,-12.919422533407639,0.5707728608209269
7,19,2025-06-03T11:50:44Z,2.45e-6,0.552677401,1.517701068,0.955773535,native,2,NA,NA,June,2025,16,6/3/25,154,0.4,6.965125,-12.919422533407639,0.4171967346799982
7,20,2025-06-03T11:59:50Z,0.001745425,0.977218525,3.147515348,0.999370205,chamber,2,1,1,June,2025,16.6,6/3/25,154,0.43,6.965125,-6.35075719997337,1.1466133631754691
7,21,2025-06-03T12:07:55Z,2.45e-6,0.344682474,1.21181503,0.963622328,phragmites,2,NA,NA,June,2025,16.8,6/3/25,154,0.46,6.965125,-12.919422533407639,0.19211926048863928
6,16,2025-06-03T12:39:52Z,1.22948e-4,0.338553198,1.094998892,0.996577596,native,2,NA,NA,June,2025,15.6,6/3/25,154,0.56,6.965125,-9.00374905620949,0.09075335139580608
6,17,2025-06-03T12:46:54Z,0.001595187,0.946504824,1.051995993,0.960840833,chamber,2,0,1,June,2025,16.5,6/3/25,154,0.6,6.965125,-6.440764308238252,0.05068930537290291
6,18,2025-06-03T12:55:54Z,3.20718e-4,0.796077521,0.702338334,0.993881404,phragmites,2,NA,NA,June,2025,16.5,6/3/25,154,0.62,6.965125,-8.044948325618536,-0.35334003379546797
5,13,2025-06-03T13:05:37Z,2.45e-6,0.022928454,0.826428639,0.996387086,native,2,NA,NA,June,2025,17.3,6/3/25,154,0.66,6.965125,-12.919422533407639,-0.19064170664649616
5,14,2025-06-03T13:15:05Z,3.74709e-4,0.800146485,1.635765596,0.963959475,chamber,2,1,0,June,2025,18.1,6/3/25,154,0.69,6.965125,-7.889360833237717,0.49211094918657133
5,15,2025-06-03T13:24:25Z,0.001423269,0.982575482,1.173673657,0.958988119,phragmites,2,NA,NA,June,2025,17.6,6/3/25,154,0.72,6.965125,-6.554798940494454,0.16013870746548417
4,10,2025-06-03T13:32:59Z,2.45e-6,0.083723827,1.34663262,0.998635074,native,1,NA,NA,June,2025,17.7,6/3/25,154,0.73,6.965125,-12.919422533407639,0.2976071208071316
4,11,2025-06-03T13:42:13Z,7.4131e-4,0.717237833,1.183711741,0.954796824,chamber,1,1,1,June,2025,17.6,6/3/25,154,0.77,6.965125,-7.207091666577397,0.16865504482688842
4,12,2025-06-03T13:51:52Z,0.004462307,0.997277624,0.800373043,0.996182279,phragmites,1,NA,NA,June,2025,17.5,6/3/25,154,0.8,6.965125,-5.412089382111377,-0.22267735625001764
3,7,2025-06-03T14:00:54Z,2.45e-6,0.557441427,1.744198374,0.998775805,native,1,NA,NA,June,2025,18.2,6/3/25,154,0.82,6.965125,-12.919422533407639,0.5562950655777715
3,8,2025-06-03T14:08:41Z,2.45e-6,0.004184298,2.639391749,0.999355457,chamber,1,0,1,June,2025,16.7,6/3/25,154,0.82,6.965125,-12.919422533407639,0.97054849250644315
3,9,2025-06-03T14:18:01Z,2.45e-6,0.075578153,1.189981438,0.997944409,phragmites,1,NA,NA,June,2025,17.1,6/3/25,154,0.85,6.965125,-12.919422533407639,0.17393770868245523
2,4,2025-06-03T14:29:45Z,2.45e-6,0.107481495,1.938837483,0.998777,native,1,NA,NA,June,2025,17.8,6/3/25,154,0.89,6.965125,-12.919422533407639,0.6620885578948367
2,5,2025-06-03T14:38:53Z,8.33878e-4,0.902580335,1.078235209,0.965412002,chamber,1,1,0,June,2025,16.6,6/3/25,154,0.9,6.965125,-7.089423449279546,0.07532563885376872
2,6,2025-06-03T14:46:16Z,2.48e-5,0.032762462,1.176378264,0.998398582,phragmites,1,NA,NA,June,2025,17.2,6/3/25,154,0.93,6.965125,-10.604666904793337,0.16244045081840391
1,1,2025-06-03T14:55:40Z,2.45e-6,0.037318881,1.140383803,0.99718461,native,1,NA,NA,June,2025,17.1,6/3/25,154,0.94,6.965125,-12.919422533407639,0.13136487504425834
1,3,2025-06-03T15:10:57Z,5.47855e-4,0.826692696,1.499094453,0.997093686,phragmites,1,NA,NA,June,2025,18.4,6/3/25,154,0.97,6.965125,-7.5094999045687745,0.4048612278091541
8,22,2025-06-12T09:35:04Z,2.45e-6,0.544974913,1.055180021,0.959714956,native,2,NA,NA,June,2025,20.8,6/12/25,163,1.05,5.187375,-12.919422533407639,0.053711388390317555
8,23,2025-06-12T09:43:52Z,2.45e-6,0.303293852,0.718059458,0.994625648,chamber,2,0,1,June,2025,20.8,6/12/25,163,1.08,5.187375,-12.919422533407639,-0.3312029027775618
8,24,2025-06-12T09:55:11Z,2.45e-6,0.684363946,1.564874227,0.998725974,phragmites,2,NA,NA,June,2025,21.3,6/12/25,163,1.12,5.187375,-12.919422533407639,0.44780545462840043
7,19,2025-06-12T10:11:04Z,2.45e-6,0.53498774,2.254409977,0.963030817,native,2,NA,NA,June,2025,21.3,6/12/25,163,1.15,5.187375,-12.919422533407639,0.8128882877202644
7,20,2025-06-12T10:21:18Z,0.001360404,0.977459616,3.193238828,0.997755786,chamber,2,0,0,June,2025,22.2,6/12/25,163,1.15,5.187375,-6.599973564523883,1.1610357083047065
7,21,2025-06-12T10:30:20Z,2.45e-6,0.475092597,1.341649575,0.997812875,phragmites,2,NA,NA,June,2025,22.1,6/12/25,163,1.18,5.187375,-12.919422533407639,0.29389988299083875
6,16,2025-06-12T10:40:42Z,1.27057e-4,0.440156867,1.047923782,0.957759569,native,2,NA,NA,June,2025,21.3,6/12/25,163,1.18,5.187375,-8.970874753297121,0.046810856154870094
6,17,2025-06-12T10:49:19Z,6.34e-6,0.001745125,0.884000623,0.964566795,chamber,2,1,0,June,2025,20.9,6/12/25,163,1.2,5.187375,-11.96863178951514,-0.12329751159361069
6,18,2025-06-12T10:58:17Z,2.45e-6,0.092207731,0.719205128,0.993999826,phragmites,2,NA,NA,June,2025,21.8,6/12/25,163,1.22,5.187375,-12.919422533407639,-0.32960866570554076
5,13,2025-06-12T11:13:09Z,2.45e-6,0.062351454,1.285311713,0.962559369,native,2,NA,NA,June,2025,22,6/12/25,163,1.23,5.187375,-12.919422533407639,0.2510012671399631
5,14,2025-06-12T11:28:41Z,2.45e-6,0.001182252,0.686207488,0.95536733,chamber,2,1,1,June,2025,22,6/12/25,163,1.22,5.187375,-12.919422533407639,-0.37657523634685103
5,15,2025-06-12T11:40:26Z,5.07e-5,0.077776896,1.188414261,0.994860161,phragmites,2,NA,NA,June,2025,22.6,6/12/25,163,1.21,5.187375,-9.889584647367137,0.1726198647026075
4,10,2025-06-12T11:47:36Z,4.52e-5,0.089300659,2.103554476,0.961305165,native,1,NA,NA,June,2025,23,6/12/25,163,1.21,5.187375,-10.004413471126089,0.743628521502495
4,11,2025-06-12T11:58:02Z,2.14017e-4,0.657637759,1.914628525,0.960964871,chamber,1,0,0,June,2025,22.1,6/12/25,163,1.17,5.187375,-8.449455106845216,0.6495236220924837
4,12,2025-06-12T12:10:16Z,2.7e-6,2.06279e-4,0.767141128,0.963784872,phragmites,1,NA,NA,June,2025,22.9,6/12/25,163,1.15,5.187375,-12.822258784953991,-0.2650844945408046
3,7,2025-06-12T12:20:23Z,2.45e-6,0.772214196,5.544795487,0.999836568,native,1,NA,NA,June,2025,23.7,6/12/25,163,1.13,5.187375,-12.919422533407639,1.7128597377055659
3,8,2025-06-12T12:29:34Z,2.45e-6,0.161111302,5.039151285,0.999687959,chamber,1,1,1,June,2025,22.6,6/12/25,163,1.09,5.187375,-12.919422533407639,1.6172376720697736
3,9,2025-06-12T12:39:29Z,2.33562e-4,0.220753646,2.692442997,0.948971457,phragmites,1,NA,NA,June,2025,23.3,6/12/25,163,1.07,5.187375,-8.36206299147548,0.9904489587936565
2,4,2025-06-12T12:49:12Z,4.67e-5,0.057960757,1.066327421,0.962524318,native,1,NA,NA,June,2025,24.4,6/12/25,163,1.02,5.187375,-9.971766393289423,0.06422042773872985
2,5,2025-06-12T12:58:20Z,0.001494837,0.964494099,1.053951672,0.962184964,chamber,1,0,1,June,2025,21.8,6/12/25,163,0.99,5.187375,-6.505738108184035,0.05254659707552593
2,6,2025-06-12T13:06:27Z,8.48086e-4,0.93639241,1.251546805,0.997465584,phragmites,1,NA,NA,June,2025,22.8,6/12/25,163,0.96,5.187375,-7.072528512220194,0.22438023031141693
1,1,2025-06-12T13:14:50Z,2.8548e-4,0.60827874,0.88811824,0.965803794,native,1,NA,NA,June,2025,22.6,6/12/25,163,0.94,5.187375,-8.161338583861408,-0.11865039170090814
1,3,2025-06-12T13:35:51Z,0.076703227,0.968960153,2.517992052,0.999309435,phragmites,1,NA,NA,June,2025,23.2,6/12/25,163,0.87,5.187375,-2.5678114984822367,0.9234617791437821
12,34,2025-06-13T09:02:40Z,2.45e-6,0.014846792,1.074413792,0.963530132,native,3,NA,NA,June,2025,20.8,6/13/25,164,0.81,5.883125,-12.919422533407639,0.07177520307673939
12,35,2025-06-13T09:13:00Z,2.33e-5,0.023647356,1.389901563,0.96116729,chamber,3,1,1,June,2025,21.2,6/13/25,164,0.86,5.883125,-10.66705719739262,0.32923292664927695
12,36,2025-06-13T09:23:08Z,2.12852e-4,0.597837175,0.273480069,0.96894852,phragmites,3,NA,NA,June,2025,21.6,6/13/25,164,0.91,5.883125,-8.454913469445792,-1.2965265336329337
11,31,2025-06-13T09:31:50Z,2.45e-6,0.3287238,1.023268726,0.995593159,native,3,NA,NA,June,2025,21.2,6/13/25,164,0.93,5.883125,-12.919422533407639,0.023002136735994043
11,32,2025-06-13T09:40:18Z,0.002708147,0.970781238,0.762883109,0.965972078,chamber,3,0,1,June,2025,21.2,6/13/25,164,0.96,5.883125,-5.911490641801274,-0.27065045864750864
11,33,2025-06-13T09:48:22Z,0.0029022,0.932300516,1.76028042,0.998643337,phragmites,3,NA,NA,June,2025,21.3,6/13/25,164,0.98,5.883125,-5.842286208907281,0.565473125903911
10,28,2025-06-13T09:57:59Z,3.60111e-4,0.715061147,2.015679403,0.961964121,native,3,NA,NA,June,2025,21.2,6/13/25,164,1.03,5.883125,-7.929098240705739,0.7009563112734185
10,29,2025-06-13T10:08:57Z,0.196179753,0.995406725,1.366031037,0.994376392,chamber,3,1,0,June,2025,21.8,6/13/25,164,1.06,5.883125,-1.6287239328945733,0.3119094819739337
10,30,2025-06-13T10:16:43Z,1.97e-5,0.023780071,1.485568034,0.96721975,phragmites,3,NA,NA,June,2025,21.6,6/13/25,164,1.1,5.883125,-10.834891922220331,0.3957972135927652
9,25,2025-06-13T10:24:45Z,1.21e-5,0.009583456,0.881043418,0.958577938,native,3,NA,NA,June,2025,21.3,6/13/25,164,1.12,5.883125,-11.322305105361579,-0.12664837162693549
9,26,2025-06-13T10:35:28Z,7.1309e-4,0.917876913,1.98436615,0.969761116,chamber,3,0,0,June,2025,21.5,6/13/25,164,1.16,5.883125,-7.245902918306986,0.6852995432464546
9,27,2025-06-13T10:43:38Z,2.45e-6,0.448111278,1.202930325,0.957035647,phragmites,3,NA,NA,June,2025,22.1,6/13/25,164,1.16,5.883125,-12.919422533407639,0.18476051760951115
1,1,2025-06-25T08:14:32Z,4.05883e-4,0.795367777,1.099288168,0.973579225,native,1,NA,NA,June,2025,24.8,6/25/25,176,1.24,5.10241667,-7.809445617233512,0.09466285033180351
1,2,2025-06-25T08:24:14Z,0.003897047,0.975610245,0.888170707,0.972423093,chamber,1,0,0,June,2025,24.8,6/25/25,176,1.29,5.10241667,-5.547536192138888,-0.11859131685263649
2,4,2025-06-25T08:38:43Z,2.45e-6,4.15353e-4,1.413319153,0.998630963,native,1,NA,NA,June,2025,26.3,6/25/25,176,1.33,5.10241667,-12.919422533407639,0.3459409472707063
2,5,2025-06-25T08:51:14Z,1.24775e-4,0.525317795,0.413789084,0.95613892,chamber,1,1,0,June,2025,25.4,6/25/25,176,1.37,5.10241667,-8.988998442608601,-0.8823988939123184
2,6,2025-06-25T09:00:56Z,1.75424e-4,0.632016643,0.81224979,0.962133655,phragmites,1,NA,NA,June,2025,27,6/25/25,176,1.4,5.10241667,-8.648304657283953,-0.2079473629740504
3,7,2025-06-25T09:14:43Z,2.45e-6,0.575864243,6.685583374,0.999875487,native,1,NA,NA,June,2025,27.1,6/25/25,176,1.43,5.10241667,-12.919422533407639,1.8999534728646152
3,8,2025-06-25T09:23:48Z,1.75e-5,0.005165463,6.204943116,0.964914234,chamber,1,0,1,June,2025,26.8,6/25/25,176,1.45,5.10241667,-10.953309677034806,1.825346251168941
3,9,2025-06-25T09:35:49Z,1.76228e-4,0.151629426,2.159371003,0.957007405,phragmites,1,NA,NA,June,2025,27.2,6/25/25,176,1.45,5.10241667,-8.643731946757933,0.7698169769736317
4,10,2025-06-27T09:49:29Z,6.91708e-4,0.894064538,0.944325075,0.970585896,native,1,NA,NA,June,2025,27.3,6/27/25,178,1.47,5.18866667,-7.276346656716941,-0.05728481300445708
4,11,2025-06-27T09:59:19Z,3.84134e-4,0.844511142,0.77244314,0.952353789,chamber,1,1,1,June,2025,26.5,6/27/25,178,1.44,5.18866667,-7.8645191079150125,-0.2581968780972241
5,13,2025-06-27T10:09:20Z,2.83736e-4,0.591256012,0.849594428,0.96370401000000006,native,2,NA,NA,June,2025,26.7,6/27/25,178,1.43,5.18866667,-8.167466329592928,-0.1629961868963833
5,14,2025-06-27T10:17:21Z,0.001134102,0.942712409,1.31695506,0.966103139,chamber,2,1,0,June,2025,25.8,6/27/25,178,1.43,5.18866667,-6.781914130631627,0.2753222991721072
6,16,2025-06-27T10:29:42Z,3.87029e-4,0.840733678,0.820021565,0.965911251,native,2,NA,NA,June,2025,26.5,6/27/25,178,1.4,5.18866667,-7.857010932341493,-0.1984246402891573
1,1,2025-06-30T10:17:56Z,0.003475964,0.917244825,1.717027471,0.979805232,native,1,NA,NA,June,2025,25.1,6/30/25,181,0.89,5.38891667,-5.661883428364499,0.540594581204938
1,2,2025-06-30T10:27:00Z,0.027375242,0.936097267,4.099182108,0.974815682,phragmites,1,NA,NA,June,2025,25.1,6/30/25,181,0.93,5.38891667,-3.598116250701898,1.410787467956654
2,4,2025-06-30T10:40:59Z,0.001651638,0.909134509,1.721148982,0.990499795,native,1,NA,NA,June,2025,26.1,6/30/25,181,1.02,5.38891667,-6.405987756224769,0.5429920805948303
3,7,2025-06-30T10:48:43Z,2.17698e-4,0.68171147,1.180756985,0.980835773,native,1,NA,NA,June,2025,26.3,6/30/25,181,1.06,5.38891667,-8.432401776720496,0.16615574550811807
4,10,2025-06-30T10:56:53Z,0.001006336,0.923436412,0.916484198,0.974904229,native,1,NA,NA,June,2025,26.8,6/30/25,181,1.08,5.38891667,-6.901439267044989,-0.0872104535313223
4,11,2025-06-30T11:04:38Z,7.47934e-4,0.887554003,0.545321127,0.959931439,chamber,1,1,1,June,2025,25.7,6/30/25,181,1.11,5.38891667,-7.198195819176877,-0.6063804339898968
4,12,2025-06-30T11:14:24Z,0.001203852,0.967120167,0.924738884,0.973884252,phragmites,1,NA,NA,June,2025,22.1,6/30/25,181,1.14,5.38891667,-6.722228863239271,-0.07824386888791453
5,13,2025-06-30T11:23:30Z,8.35572e-4,0.894927638,0.772511816,0.972006027,native,2,1,0,June,2025,27.1,6/30/25,181,1.17,5.38891667,-7.08739403769921,-0.25810797453433576
5,14,2025-06-30T11:31:48Z,0.009847616,0.956811321,1.485523101,0.974127063,chamber,2,NA,NA,June,2025,25.3,6/30/25,181,1.18,5.38891667,-4.6205258835490906,0.3957669667925416
5,15,2025-06-30T11:40:12Z,3.59621e-4,0.79764,0.685401736,0.97422465,phragmites,2,NA,NA,June,2025,26.5,6/30/25,181,1.2,5.38891667,-7.930459858851674,-0.37775013671729024
6,16,2025-06-30T11:50:26Z,4.71758e-4,0.822532996,0.521492046,0.95998376,native,2,NA,NA,June,2025,26.3,6/30/25,181,1.24,5.38891667,-7.6590444157247966,-0.651061256814864
6,17,2025-06-30T12:07:05Z,0.003202854,0.960913556,0.747431917,0.982065966,chamber,2,0,1,June,2025,27.2,6/30/25,181,1.27,5.38891667,-5.743712991660644,-0.2911120588018708
6,18,2025-06-30T12:17:06Z,6.19753e-4,0.825230426,0.614319488,0.966937766,phragmites,2,NA,NA,June,2025,26.7,6/30/25,181,1.32,5.38891667,-7.386189546399133,-0.4872401474020506
10,28,2025-06-30T15:57:54Z,0.002411436,0.990703464,0.547414337,0.945989856,native,3,NA,NA,June,2025,28.1,6/30/25,181,1.13,5.38891667,-6.027532858305664,-0.6025492916334092
10,29,2025-06-30T16:09:26Z,2.45e-6,0.92296178,0.316994455,0.94004207,chamber,3,1,0,June,2025,27.6,6/30/25,181,1.09,5.38891667,-12.919422533407639,-1.14887099737141
11,31,2025-06-30T16:19:15Z,3.61438e-4,0.693754351,0.334848442,0.873858526,native,3,NA,NA,June,2025,27.4,6/30/25,181,1.06,5.38891667,-7.925420038681758,-1.0940772614665275
11,32,2025-06-30T16:30:22Z,0.003917274,0.952381095,0.496688489,0.93890719,chamber,3,0,0,June,2025,25.7,6/30/25,181,1.03,5.38891667,-5.542359275251444,-0.6997922320920766
1,1,2025-07-09T08:32:02Z,2.45e-6,0.00422009,1.970641142,0.872416297,native,1,NA,NA,July,2025,24.7,7/9/25,190,1.11,6.5495,-12.919422533407639,0.6783589425935033
1,2,2025-07-09T08:42:01Z,3.19735e-4,0.083720878,1.191221887,0.91497352,chamber,1,0,0,July,2025,25,7/9/25,190,1.1,6.5495,-8.048018030255434,0.1749795761275275
1,3,2025-07-09T08:53:12Z,0.018362909,0.588111747,1.130702363,0.960504508,phragmites,1,NA,NA,July,2025,25,7/9/25,190,1.11,6.5495,-3.9974224640746474,0.12283899981272009
2,4,2025-07-09T09:04:39Z,4.0284e-4,0.015816989,1.796131749,0.992331358,native,1,NA,NA,July,2025,25.2,7/9/25,190,1.12,6.5495,-7.8169710971843305,0.5856353240937533
2,5,2025-07-09T09:15:47Z,2.45e-6,0.851926583,0.855182349,0.937596382,chamber,1,1,0,July,2025,24.8,7/9/25,190,1.15,6.5495,-12.919422533407639,-0.15644055910076538
2,6,2025-07-09T09:25:21Z,2.45e-6,0.011277401,1.217246813,0.997408326,phragmites,1,NA,NA,July,2025,25.1,7/9/25,190,1.16,6.5495,-12.919422533407639,0.1965915978804908
3,7,2025-07-09T09:36:44Z,2.12118e-4,0.100687275,2.998171244,0.991680806,native,1,NA,NA,July,2025,25.5,7/9/25,190,1.14,6.5495,-8.4583678343651,1.0980025174620964
3,8,2025-07-09T09:45:35Z,4.6e-5,0.068009524,6.382053311,0.969611743,chamber,1,0,1,July,2025,25.7,7/9/25,190,1.14,6.5495,-9.986869161475179,1.8534898811586746
3,9,2025-07-09T09:57:18Z,8.32e-5,0.097214437,4.908211153,0.999546695,phragmites,1,NA,NA,July,2025,25.9,7/9/25,190,1.14,6.5495,-9.394263210137112,1.5909095481318754
4,10,2025-07-09T10:08:10Z,0.001607414,0.982800133,2.832016866,0.998933312,native,1,NA,NA,July,2025,25.8,7/9/25,190,1.13,6.5495,-6.433128602506029,1.040989131322214
4,11,2025-07-09T10:18:38Z,5.11191e-4,0.786332901,2.703767031,0.998284663,chamber,1,1,1,July,2025,25.2,7/9/25,190,1.11,6.5495,-7.578767260689733,0.9946459972944188
4,12,2025-07-09T10:29:07Z,0.003479715,0.97660448,1.102255821,0.973794541,phragmites,1,NA,NA,July,2025,25.7,7/9/25,190,1.07,6.5495,-5.660804885101184,0.09735882625806884
5,13,2025-07-09T10:40:53Z,9.85e-5,0.24320985,1.703099976,0.974156891,native,2,NA,NA,July,2025,26,7/9/25,190,1.03,6.5495,-9.225454009786231,0.5324501057707032
5,14,2025-07-09T10:50:42Z,2.45e-6,0.005672181,1.290756344,0.991430519,chamber,2,1,0,July,2025,26,7/9/25,190,1.02,6.5495,-12.919422533407639,0.2552283597374586
5,15,2025-07-09T10:59:14Z,4.06737e-4,0.742217182,2.874282255,0.999446794,phragmites,2,NA,NA,July,2025,25.7,7/9/25,190,0.96,6.5495,-7.807343773039678,1.0558029926466739
6,16,2025-07-09T11:10:07Z,5.54336e-4,0.899099018,1.702864139,0.962707841,native,2,NA,NA,July,2025,25.6,7/9/25,190,0.93,6.5495,-7.497739556867744,0.5323116210466051
6,17,2025-07-09T11:20:38Z,0.120575865,0.997154436,1.534125699,0.997589977,chamber,2,0,1,July,2025,25.1,7/9/25,190,0.91,6.5495,-2.1154761390947168,0.4279606415697508
6,18,2025-07-09T11:30:47Z,7.60926e-4,0.910341731,1.625161656,0.998671429,phragmites,2,NA,NA,July,2025,25.2,7/9/25,190,0.89,6.5495,-7.180974445303812,0.4856072914492171
7,19,2025-07-09T11:45:11Z,0.007766406,0.993890173,1.964497034,0.978775548,native,2,NA,NA,July,2025,25.8,7/9/25,190,0.83,6.5495,-4.857947769873576,0.6752362502163066
7,20,2025-07-09T11:53:43Z,0.008169702,0.96521886,4.45242781,0.998732031,chamber,2,1,1,July,2025,27.8,7/9/25,190,0.8,6.5495,-4.807322845683652,1.4934495226869626
7,21,2025-07-09T12:02:36Z,5.73132e-4,0.557107472,2.205269371,0.962255344,phragmites,2,NA,NA,July,2025,25.5,7/9/25,190,0.79,6.5495,-7.464394501287674,0.7908496651562508
8,22,2025-07-09T12:15:24Z,0.009317268,0.970131885,3.605502007,0.998766889,native,2,NA,NA,July,2025,25.8,7/9/25,190,0.73,6.5495,-4.6758858263037375,1.2824610140240855
8,23,2025-07-09T12:24:04Z,0.00241145,0.951274196,1.921012575,0.962897025,chamber,2,0,0,July,2025,25.3,7/9/25,190,0.69,6.5495,-6.027527052653197,0.6528524298347496
8,24,2025-07-09T12:34:26Z,0.00337324,0.992354273,5.451672426,0.999452837,phragmites,2,NA,NA,July,2025,26.6,7/9/25,190,0.65,6.5495,-5.691881572157882,1.6959224287570205
9,25,2025-07-09T12:44:57Z,0.118367047,0.966897591,1.933760387,0.99520391,native,3,NA,NA,July,2025,26,7/9/25,190,0.63,6.5495,-2.1339649145269806,0.6594664943192842
9,26,2025-07-09T12:52:52Z,0.055895703,0.99266686,4.166941892,0.999237575,chamber,3,1,1,July,2025,25.3,7/9/25,190,0.58,6.5495,-2.8842677711853484,1.427182407538671
9,27,2025-07-09T13:01:20Z,0.003550022,0.963123734,3.075483987,0.99835041,phragmites,3,NA,NA,July,2025,25.2,7/9/25,190,0.55,6.5495,-5.640801478330917,1.1234622830196637
10,28,2025-07-09T13:14:37Z,0.083774055,0.985960554,10.87601674,0.999028274,native,3,NA,NA,July,2025,27.2,7/9/25,190,0.5,6.5495,-2.4796319256372463,2.386560065937852
10,29,2025-07-09T13:23:16Z,0.405398171,0.982429358,1.481465375,0.966996312,chamber,3,1,0,July,2025,26.4,7/9/25,190,0.47,6.5495,-0.9028855565679026,0.393031716175508
10,30,2025-07-09T13:34:35Z,0.184290046,0.898747215,1.558459806,0.979807463,phragmites,3,NA,NA,July,2025,27.1,7/9/25,190,0.44,6.5495,-1.6912444255316241,0.44369802970981403
11,31,2025-07-09T13:45:28Z,5.28077e-4,0.850556198,0.828426839,0.993843912,native,3,NA,NA,July,2025,27.4,7/9/25,190,0.38,6.5495,-7.546268451557326,-0.18822675138582093
11,32,2025-07-09T13:57:00Z,2.45e-6,0.917192126,0.62617654,0.945838037,chamber,3,0,0,July,2025,25.2,7/9/25,190,0.33,6.5495,-12.919422533407639,-0.468122934860615
12,34,2025-07-09T14:10:10Z,0.005989022,0.954161074,0.890190859,0.965717442,native,3,NA,NA,July,2025,26.8,7/9/25,190,0.24,6.5495,-5.117827152305323,-0.11631939093209784
12,35,2025-07-09T14:19:21Z,0.429401564,0.960020682,3.712197276,0.997902197,chamber,3,0,1,July,2025,26.2,7/9/25,190,0.22,6.5495,-0.8453627512525199,1.3116239589859213
12,34,2025-07-17T07:28:54Z,0.001104168,0.885811358,0.778907486,0.940566959,native,3,NA,NA,July,2025,25.7,7/17/25,198,0.65,6.8965,-6.808663168791465,-0.24986300011256193
12,35,2025-07-17T07:40:38Z,2.45e-6,0.993526085,0.418352822,0.975202757,chamber,3,0,1,July,2025,25.1,7/17/25,198,0.59,6.8965,-12.919422533407639,-0.8714301307152943
12,36,2025-07-17T07:50:58Z,0.001233239,0.962397891,0.644742533,0.993238164,phragmites,3,NA,NA,July,2025,25.4,7/17/25,198,0.56,6.8965,-6.698111237411795,-0.438904215520782
11,31,2025-07-17T08:00:00Z,8.05146e-4,0.934161779,0.448006352,0.949467043,native,3,NA,NA,July,2025,25.4,7/17/25,198,0.55,6.8965,-7.124486930530991,-0.8029478680962383
11,32,2025-07-17T08:09:45Z,5.14016e-4,0.47631458,0.243786538,0.901560218,chamber,3,0,0,July,2025,25.2,7/17/25,198,0.57,6.8965,-7.573256164588918,-1.4114622808508066
11,33,2025-07-17T08:18:30Z,7.42261e-4,0.853044515,0.530540471,0.927435788,phragmites,3,NA,NA,July,2025,25.8,7/17/25,198,0.56,6.8965,-7.205809624625569,-0.6338590354307487
10,28,2025-07-17T08:28:03Z,0.001010685,0.815080599,1.467740978,0.990082843,native,3,NA,NA,July,2025,25.3,7/17/25,198,0.52,6.8965,-6.897126960192958,0.38372446911989727
10,29,2025-07-17T08:39:07Z,2.45e-6,0.962002343,0.810227696,0.985609654,chamber,3,1,0,July,2025,25.3,7/17/25,198,0.51,6.8965,-12.919422533407639,-0.21043996464575046
10,30,2025-07-17T08:50:32Z,2.45e-6,0.876880414,1.20515378,0.956441123,phragmites,3,NA,NA,July,2025,25.8,7/17/25,198,0.5,6.8965,-12.919422533407639,0.18660717705736274
9,25,2025-07-17T08:58:56Z,2.45979e-4,0.118768002,1.043762232,0.967758601,native,3,NA,NA,July,2025,25.7,7/17/25,198,0.5,6.8965,-8.310264391529442,0.042831716395695024
9,26,2025-07-17T09:09:29Z,2.45e-6,0.931367266,1.585179295,0.963743639,chamber,3,1,1,July,2025,25.2,7/17/25,198,0.48,6.8965,-12.919422533407639,0.4606975208054906
9,27,2025-07-17T09:18:46Z,0.060431757,0.962939934,1.469834278,0.962741689,phragmites,3,NA,NA,July,2025,25.8,7/17/25,198,0.54,6.8965,-2.8062405340685714,0.38514965838103654
8,22,2025-07-17T09:28:07Z,2.45e-6,9.38529e-4,1.841952226,0.9965124,native,2,NA,NA,July,2025,26.5,7/17/25,198,0.58,6.8965,-12.919422533407639,0.6108260015575764
8,23,2025-07-17T09:36:55Z,3.57e-5,0.067134213,0.89913334600000006,0.962657733,chamber,2,0,0,July,2025,26.1,7/17/25,198,0.6,6.8965,-10.24035986917868,-0.10632392847984962
8,24,2025-07-17T09:47:21Z,3.11378e-4,0.157320183,0.811054027,0.965655533,phragmites,2,NA,NA,July,2025,26.5,7/17/25,198,0.62,6.8965,-8.074502949743477,-0.20942060932973136
7,19,2025-07-17T09:56:58Z,0.001483677,0.961613448,0.781832381,0.969984802,native,2,NA,NA,July,2025,26.7,7/17/25,198,0.63,6.8965,-6.513231812913755,-0.24611490795964497
7,20,2025-07-17T10:06:02Z,0.008793566,0.968998052,3.030515824,0.961142227,chamber,2,1,1,July,2025,26.5,7/17/25,198,0.67,6.8965,-4.733734961272154,1.1087328439761674
6,16,2025-07-17T10:18:01Z,0.005108153,0.941721657,0.746056083,0.959345352,native,2,NA,NA,July,2025,26.3,7/17/25,198,0.72,6.8965,-5.276917388245548,-0.29295450331993944
6,17,2025-07-17T10:30:06Z,0.011331941,0.904027476,0.871732595,0.917192775,chamber,2,0,1,July,2025,25.4,7/17/25,198,0.78,6.8965,-4.480129903522302,-0.1372725592121555
5,13,2025-07-17T10:48:22Z,0.001295411,0.946149,0.550226882,0.909468433,native,2,NA,NA,July,2025,26.6,7/17/25,198,0.81,6.8965,-6.6489272596659,-0.5974245730883313
5,14,2025-07-17T11:00:31Z,0.002415672,0.985488237,0.542404824,0.95912182,chamber,2,1,0,July,2025,26.1,7/17/25,198,0.83,6.8965,-6.025777769715411,-0.6117426485901911
5,15,2025-07-17T11:09:36Z,1.24844e-4,0.29728041,1.015382407,0.948729445,phragmites,2,NA,NA,July,2025,27.2,7/17/25,198,0.85,6.8965,-8.988445600062501,0.015265297204180791
4,10,2025-07-17T11:18:47Z,3.63989e-4,0.215461356,1.552523937,0.997045905,native,1,NA,NA,July,2025,27,7/17/25,198,0.89,6.8965,-7.91838691056438,0.439881953064123
4,11,2025-07-17T11:27:55Z,9.37439e-4,0.884181236,1.890954766,0.996709422,chamber,1,1,1,July,2025,26.6,7/17/25,198,0.91,6.8965,-6.972358868903302,0.637081868713326
4,12,2025-07-17T11:36:20Z,0.019534473,0.960261094,0.802097778,0.963152598,phragmites,1,NA,NA,July,2025,26.8,7/17/25,198,0.94,6.8965,-3.9355745280593686,-0.22052476084124634
3,7,2025-07-17T11:48:21Z,1.9825e-4,0.41892071,2.439059044,0.999081967,native,1,NA,NA,July,2025,27.3,7/17/25,198,0.96,6.8965,-8.525981697449316,0.8916123272228503
3,8,2025-07-17T11:57:26Z,4.553e-4,0.870233284,1.353586678,0.968088465,chamber,1,0,1,July,2025,27.1,7/17/25,198,0.97,6.8965,-7.694554015623537,0.3027578679183167
3,9,2025-07-17T12:06:20Z,7.64e-5,0.136653575,1.679639742,0.958651922,phragmites,1,NA,NA,July,2025,27.4,7/17/25,198,0.98,6.8965,-9.4795278617918,0.5185793311340622
1,1,2025-07-30T07:26:01Z,2.45e-6,0.264539143,7.22712125,0.824999993,native,1,NA,NA,July,2025,24.6,7/30/25,211,0.49,6.7941453,-12.919422533407639,1.9778407895227734
1,2,2025-07-30T07:38:36Z,0.005982777,0.979919384,3.316473758,0.971392547,chamber,1,0,0,July,2025,25.1,7/30/25,211,0.48,6.7941453,-5.1188704375403065,1.1989020973937492
1,3,2025-07-30T07:50:52Z,2.45e-6,0.773926002,1.461143914,0.978275964,phragmites,1,NA,NA,July,2025,25.2,7/30/25,211,0.47,6.7941453,-12.919422533407639,0.37921963168193
2,4,2025-07-30T08:00:15Z,0.001662202,0.949265886,2.008073461,0.974482356,native,1,NA,NA,July,2025,25.3,7/30/25,211,0.47,6.7941453,-6.39961204962143,0.6971757853236452
2,5,2025-07-30T08:10:14Z,0.001085927,0.937144541,1.17529072,0.962905458,chamber,1,1,0,July,2025,24.8,7/30/25,211,0.46,6.7941453,-6.825321278882557,0.16151553826912188
2,6,2025-07-30T08:20:01Z,0.001306489,0.94672174,1.325232785,0.996185718,phragmites,1,NA,NA,July,2025,25.6,7/30/25,211,0.47,6.7941453,-6.640411892480306,0.2815881307995212
3,7,2025-07-30T08:30:47Z,7.20213e-4,0.913194617,1.49467603,0.997292341,native,1,NA,NA,July,2025,26.2,7/30/25,211,0.49,6.7941453,-7.235963556370892,0.4019094810181676
3,9,2025-07-30T08:40:21Z,0.001023717,0.908381586,1.425201049,0.970615708,phragmites,1,NA,NA,July,2025,26.4,7/30/25,211,0.5,6.7941453,-6.88431515774877,0.3543128907863205
4,10,2025-07-30T08:49:13Z,1.0082e-4,0.230005794,0.766155741,0.963111668,native,1,NA,NA,July,2025,26,7/30/25,211,0.52,6.7941453,-9.20217380930979,-0.2663698126753172
4,11,2025-07-30T08:57:29Z,0.010575118,0.989814583,1.340256943,0.972904781,chamber,1,1,1,July,2025,25.8,7/30/25,211,0.55,6.7941453,-4.549251395719615,0.2928613440888873
4,12,2025-07-30T09:06:30Z,0.11248372,0.966120909,1.857403025,0.96673329,phragmites,1,NA,NA,July,2025,25.9,7/30/25,211,0.56,6.7941453,-2.1849467789204366,0.6191792889790972
5,13,2025-07-30T09:14:48Z,0.017483463,0.963442227,1.006641819,0.972262056,native,2,NA,NA,July,2025,26.2,7/30/25,211,0.58,6.7941453,-4.046499816248217,0.006619859301452699
5,14,2025-07-30T09:25:07Z,0.033376144,0.963744291,2.130069228,0.997513547,chamber,2,1,0,July,2025,26.3,7/30/25,211,0.61,6.7941453,-3.3999138856956135,0.7561544806016252
5,15,2025-07-30T09:34:30Z,1.83043e-4,0.325410068,0.773975924,0.964650511,phragmites,2,NA,NA,July,2025,26,7/30/25,211,0.65,6.7941453,-8.605789460047014,-0.2562145118193622
6,16,2025-07-30T09:46:53Z,0.003008285,0.952004769,0.601196275,0.956934568,native,2,NA,NA,July,2025,26.3,7/30/25,211,0.71,6.7941453,-5.806385130042364,-0.508833817063963
6,17,2025-07-30T09:54:11Z,0.148294852,0.981012738,2.38538295,0.979094909,chamber,2,1,0,July,2025,25.1,7/30/25,211,0.72,6.7941453,-1.9085527438595211,0.8693596774886938
6,18,2025-07-30T10:03:59Z,0.001870048,0.963031115,0.693166696,0.966951603,phragmites,2,NA,NA,July,2025,26.2,7/30/25,211,0.74,6.7941453,-6.2817911799958726,-0.3664847661494164
7,20,2025-07-30T10:17:13Z,0.001604896,0.955365592,1.395578271,0.960336702,chamber,2,1,1,July,2025,26.6,7/30/25,211,0.79,6.7941453,-6.434696322007396,0.3333088605618103
7,21,2025-07-30T10:27:02Z,0.007516011,0.926963034,0.942028075,0.96972266,phragmites,2,NA,NA,July,2025,26.2,7/30/25,211,0.82,6.7941453,-4.8907197338875505,-0.05972020124055095
12,34,2025-08-05T09:34:22Z,3.08245e-4,0.643636802,0.439365263,0.945332094,native,3,NA,NA,August,2025,24.1,8/5/25,217,1.47,7.28708333,-8.084615636651538,-0.8224241776869489
12,35,2025-08-05T09:46:31Z,2.82e-5,0.005796142,0.583368309,0.976161741,chamber,3,0,1,August,2025,22.4,8/5/25,217,1.44,7.28708333,-10.476188580020207,-0.5389365442443989
12,36,2025-08-05T09:56:43Z,9.1e-5,0.01884532,0.49831986,0.956987902,phragmites,3,NA,NA,August,2025,24.6,8/5/25,217,1.42,7.28708333,-9.304651051447424,-0.6965131189802581
11,31,2025-08-05T10:05:16Z,0.001398057,0.924496439,0.557389481,0.972159763,native,3,NA,NA,August,2025,23.8,8/5/25,217,1.39,7.28708333,-6.572671863469507,-0.5844910356588249
11,32,2025-08-05T10:15:05Z,0.005849186,0.670908828,0.575503427,0.960463673,chamber,3,0,0,August,2025,22.3,8/5/25,217,1.36,7.28708333,-5.141452772719123,-0.5525100960160356
11,33,2025-08-05T10:25:55Z,0.010103987,0.948250357,0.996784147,0.979038539,phragmites,3,NA,NA,August,2025,23.8,8/5/25,217,1.34,7.28708333,-4.5948251805539355,-0.0032210349678724985
10,28,2025-08-05T10:37:29Z,3.00225e-4,0.67487529,0.503912214,0.970771806,native,3,NA,NA,August,2025,23.9,8/5/25,217,1.32,7.28708333,-8.110978364417527,-0.68535320465304606
10,29,2025-08-05T10:45:56Z,4.81133e-4,0.843952961,0.516568032,0.956709258,chamber,3,1,0,August,2025,22.7,8/5/25,217,1.28,7.28708333,-7.639366818803097,-0.660548281768239
10,30,2025-08-05T10:55:00Z,5.75175e-4,0.892373692,0.802108359,0.991585089,phragmites,3,NA,NA,August,2025,23.8,8/5/25,217,1.26,7.28708333,-7.460836215645242,-0.22051156926971938
9,25,2025-08-07T09:23:16Z,2.45e-6,0.252015138,0.62407549,0.971964732,native,3,NA,NA,August,2025,23.2,8/7/25,219,1.47,7.62004167,-12.919422533407639,-0.47148394036580227
9,26,2025-08-07T09:36:14Z,7.65343e-4,0.966490055,1.057018506,0.992979905,chamber,3,1,1,August,2025,23.3,8/7/25,219,1.47,7.62004167,-7.175186458610672,0.055452214776463775
9,27,2025-08-07T09:47:36Z,2.45e-6,0.550025204,0.507724244,0.959431581,phragmites,3,NA,NA,August,2025,22.8,8/7/25,219,1.45,7.62004167,-12.919422533407639,-0.677816805559099
8,22,2025-08-07T09:57:34Z,2.45e-6,0.01400254,1.277185836,0.99700856,native,2,NA,NA,August,2025,24.1,8/7/25,219,1.43,7.62004167,-12.919422533407639,0.2446590919128751
8,24,2025-08-07T10:16:47Z,2.45e-6,0.02316865,1.229703078,0.969377509,phragmites,2,NA,NA,August,2025,23.3,8/7/25,219,1.39,7.62004167,-12.919422533407639,0.20677274024265618
7,19,2025-08-07T10:26:23Z,2.45e-6,0.003456761,1.494337237,0.962343727,native,2,NA,NA,August,2025,23.1,8/7/25,219,1.38,7.62004167,-12.919422533407639,0.4016827888149639
7,20,2025-08-07T10:37:11Z,0.001433477,0.74190985,1.574798781,0.974023316,chamber,2,1,1,August,2025,23.2,8/7/25,219,1.35,7.62004167,-6.547652317415538,0.45412750602059765
7,21,2025-08-07T10:45:08Z,1.25e-5,0.004800501,1.037881625,0.968353952,phragmites,2,NA,NA,August,2025,23.2,8/7/25,219,1.33,7.62004167,-11.289781913656018,0.037181736814660214
6,16,2025-08-07T10:55:15Z,2.26e-5,0.027403247,0.616627448,0.984953711,native,2,NA,NA,August,2025,23.1,8/7/25,219,1.3,7.62004167,-10.697560651686034,-0.4834902494381423
6,17,2025-08-07T11:04:31Z,2.45e-6,0.262380023,0.508854459,0.954883502,chamber,2,0,1,August,2025,22.2,8/7/25,219,1.29,7.62004167,-12.919422533407639,-0.6755932384858625
6,18,2025-08-07T11:12:54Z,1.01118e-4,0.295655897,0.627715136,0.989780159,phragmites,2,NA,NA,August,2025,23.2,8/7/25,219,1.28,7.62004167,-9.199222406242336,-0.4656688205193927
5,13,2025-08-07T11:22:13Z,2.45e-6,0.165424298,0.500742759,0.951538254,native,2,NA,NA,August,2025,23.5,8/7/25,219,1.26,7.62004167,-12.919422533407639,-0.6916627648502964
5,14,2025-08-07T11:32:33Z,3.84e-5,0.090186347,0.650324781,0.956504845,chamber,2,1,0,August,2025,22.7,8/7/25,219,1.23,7.62004167,-10.167453098370594,-0.4302833778055595
5,15,2025-08-07T11:41:50Z,2.45e-6,0.086608608,0.721940929,0.995226338,phragmites,2,NA,NA,August,2025,23.1,8/7/25,219,1.2,7.62004167,-12.919422533407639,-0.32581195922587886
4,10,2025-08-07T11:51:28Z,2.45e-6,0.01681578,0.99262572,0.995231044,native,1,NA,NA,August,2025,23.5,8/7/25,219,1.18,7.62004167,-12.919422533407639,-0.007401604417572831
4,11,2025-08-07T12:03:14Z,2.45e-6,0.75469046,0.936520036,0.97497031,chamber,1,1,1,August,2025,23.1,8/7/25,219,1.13,7.62004167,-12.919422533407639,-0.06558436277266293
4,12,2025-08-07T12:11:21Z,0.001592412,0.949412234,1.215585821,0.960783796,phragmites,1,NA,NA,August,2025,23,8/7/25,219,1.11,7.62004167,-6.4425054310714795,0.19522611779372398
3,7,2025-08-07T12:21:25Z,2.45e-6,0.507018561,0.952785755,0.971274376,native,1,NA,NA,August,2025,23.7,8/7/25,219,1.08,7.62004167,-12.919422533407639,-0.04836521172451361
3,8,2025-08-07T12:30:37Z,5.98e-6,0.029007964,1.182442482,0.971532016,chamber,1,0,1,August,2025,23.4,8/7/25,219,1.04,7.62004167,-12.027089990001734,0.16758219918613923
3,9,2025-08-07T12:38:37Z,9.93e-5,0.301421846,0.704190805,0.995767467,phragmites,1,NA,NA,August,2025,23.7,8/7/25,219,1.03,7.62004167,-9.217364986913147,-0.3507059297164985
2,4,2025-08-07T12:49:27Z,9.73e-5,0.231149648,0.493799883,0.905156095,native,1,NA,NA,August,2025,23.4,8/7/25,219,1,7.62004167,-9.237711568772315,-0.7056249390091176
2,6,2025-08-07T13:08:33Z,0.006949867,0.954671135,0.677305145,0.962423169,phragmites,1,NA,NA,August,2025,23.7,8/7/25,219,0.95,7.62004167,-4.9690327562791925,-0.3896333764517286
1,3,2025-08-07T13:36:54Z,0.026592811,0.745100675,1.845278556,0.992952428,phragmites,1,NA,NA,August,2025,23.8,8/7/25,219,0.87,7.62004167,-3.627114362880047,0.6126302449581178
1,1,2025-08-12T09:13:45Z,0.002956493,0.944041921,0.531337146,0.864076272,native,1,NA,NA,August,2025,23.9,8/12/25,224,0.98,8.79941667,-5.82375151037066,-0.6323585326671111
1,2,2025-08-12T09:21:18Z,0.002856822,0.990163586,0.312681207,0.95794345,chamber,1,0,0,August,2025,23.1,8/12/25,224,1,8.79941667,-5.858045460789576,-1.1625711154609195
1,3,2025-08-12T09:31:23Z,0.007245505,0.906708148,1.676985892,0.992982838,phragmites,1,NA,NA,August,2025,23.6,8/12/25,224,1.07,8.79941667,-4.927374002395033,0.5169980701640634
2,4,2025-08-12T09:41:50Z,0.002827048,0.973914051,1.188854607,0.96912967,native,1,NA,NA,August,2025,23.7,8/12/25,224,1.11,8.79941667,-5.868522221285008,0.17299032848225282
2,5,2025-08-12T09:53:33Z,2.71728e-4,0.148754608,0.415529589,0.971354665,chamber,1,1,0,August,2025,24.4,8/12/25,224,1.15,8.79941667,-8.21070899200186,-0.8782014542257693
2,6,2025-08-12T10:03:51Z,8.82408e-4,0.858310042,0.564630587,0.972174591,phragmites,1,NA,NA,August,2025,24.7,8/12/25,224,1.18,8.79941667,-7.0328560238829425,-0.5715835899932297
3,7,2025-08-12T10:11:37Z,2.45e-6,0.309148306,5.373688937,0.978085764,native,1,NA,NA,August,2025,24.7,8/12/25,224,1.2,8.79941667,-12.919422533407639,1.6815146255630482
3,8,2025-08-12T10:20:57Z,0.001272371,0.929315758,5.146268915,0.998219254,chamber,1,0,1,August,2025,24.2,8/12/25,224,1.21,8.79941667,-6.666873189923994,1.6382719695870858
3,9,2025-08-12T10:30:24Z,2.45e-6,0.003785839,2.026270102,0.996779752,phragmites,1,NA,NA,August,2025,24.7,8/12/25,224,1.23,8.79941667,-12.919422533407639,0.706196714808174
4,10,2025-08-12T10:40:14Z,3.5395e-4,0.381716073,1.054123391,0.973857431,native,1,NA,NA,August,2025,24.8,8/12/25,224,1.26,8.79941667,-7.946354897744076,0.052709512527061665
4,11,2025-08-12T10:50:01Z,7.40125e-4,0.741672,1.58037253,0.961290185,chamber,1,1,1,August,2025,24.1,8/12/25,224,1.28,8.79941667,-7.208691467112334,0.45766059772851037
4,12,2025-08-12T10:58:51Z,3.45884e-4,0.757873085,0.503294647,0.952998452,phragmites,1,NA,NA,August,2025,24.7,8/12/25,224,1.31,8.79941667,-7.9694070992343935,-0.6865795010600788
5,13,2025-08-12T11:09:01Z,0.022313924,0.965303527,0.66375701,0.965433898,native,2,NA,NA,August,2025,24.3,8/12/25,224,1.32,8.79941667,-3.802544400750444,-0.4098391452764846
5,14,2025-08-12T11:18:25Z,9.52482e-4,0.951609434,1.090564185,0.996697649,chamber,2,1,0,August,2025,23.8,8/12/25,224,1.34,8.79941667,-6.956439348779776,0.0866951632493344
5,15,2025-08-12T11:27:53Z,2.45e-6,0.922247266,1.091796049,0.997223884,phragmites,2,NA,NA,August,2025,24.8,8/12/25,224,1.35,8.79941667,-12.919422533407639,0.08782409156432133
6,16,2025-08-12T11:38:08Z,1.06907e-4,0.041728955,0.899463382,0.866487586,native,2,NA,NA,August,2025,23.8,8/12/25,224,1.37,8.79941667,-9.143551260318459,-0.1059569357031296
6,17,2025-08-12T11:46:07Z,5.17841e-4,0.052471931,0.508042397,0.957441883,chamber,2,0,1,August,2025,23.5,8/12/25,224,1.37,8.79941667,-7.565842312630475,-0.6771903762247182
6,18,2025-08-12T11:54:46Z,4.0605e-4,0.695818959,0.512176712,0.986597702,phragmites,2,NA,NA,August,2025,24.1,8/12/25,224,1.36,8.79941667,-7.809034253235854,-0.6690855728649536
7,19,2025-08-12T12:04:22Z,0.001437577,0.970059299,2.586842882,0.998691034,native,2,NA,NA,August,2025,24,8/12/25,224,1.35,8.79941667,-6.544796221509943,0.9504381676911865
7,20,2025-08-12T12:17:34Z,2.45e-6,0.109200749,1.84810452,0.982195993,chamber,2,1,1,August,2025,24.2,8/12/25,224,1.35,8.79941667,-12.919422533407639,0.6141605300616825
7,21,2025-08-12T12:22:44Z,2.45e-6,0.026069238,1.005801174,0.96317932,phragmites,2,NA,NA,August,2025,24.8,8/12/25,224,1.34,8.79941667,-12.919422533407639,0.00578441198511165
