Date,Plot,CH4 flux (umol/m2/d),CO2 flux (umol/m2/d)
5/31/2016,310,312.08,330.01
5/31/2016,311,296.04,307.28
5/31/2016,312,306.87,332.74
5/31/2016,313,1241.37,328.02
5/31/2016,320,326.18,354.63
5/31/2016,321,413.69,385.92
5/31/2016,322,585.64,338.17
5/31/2016,323,435.72,423.86
5/31/2016,330,245.81,341.44
5/31/2016,331,173.22,332.86
5/31/2016,332,214.07,220.78
5/31/2016,333,299.71,281.00
5/31/2016,440,115.30,603.94
5/31/2016,441,75.11,605.31
5/31/2016,442,65.90,491.35
5/31/2016,443,182.51,528.90
5/31/2016,450,136.66,502.45
5/31/2016,451,27.56,627.97
5/31/2016,452,18.99,655.05
5/31/2016,453,15.47,609.18
5/31/2016,460,36.89,670.42
5/31/2016,461,23.71,654.47
5/31/2016,462,31.18,697.13
5/31/2016,463,39.16,761.78
5/31/2016,610,189.49,293.52
5/31/2016,613,547.56,503.77
5/31/2016,620,419.88,410.38
5/31/2016,623,246.76,271.67
5/31/2016,630,518.74,341.26
5/31/2016,633,348.02,286.32
6/10/2016,310,311.25,462.07
6/10/2016,311,250.26,411.05
6/10/2016,312,345.02,366.25
6/10/2016,313,1887.34,331.11
6/10/2016,610,342.24,522.03
6/10/2016,613,377.83,313.76
6/13/2016,320,385.58,407.08
6/13/2016,321,521.24,314.91
6/13/2016,322,1299.31,323.40
6/13/2016,323,669.19,416.88
6/13/2016,330,338.80,381.54
6/13/2016,331,357.49,549.47
6/13/2016,620,481.99,544.32
6/13/2016,623,299.50,293.10
6/13/2016,630,1208.88,441.62
6/14/2016,440,143.37,477.40
6/14/2016,441,177.45,526.82
6/14/2016,442,88.31,639.08
6/14/2016,443,261.81,730.28
6/14/2016,450,185.51,695.62
6/14/2016,451,29.30,594.34
6/14/2016,452,28.55,581.24
6/14/2016,453,42.60,675.58
6/14/2016,460,57.65,828.77
6/14/2016,461,30.76,809.83
6/14/2016,462,50.32,800.92
6/14/2016,463,128.96,1285.44
6/16/2016,332,362.51,266.45
6/16/2016,333,361.28,315.83
6/16/2016,633,268.98,289.71
7/6/2016,311,492.99,479.46
7/6/2016,312,779.33,781.42
7/6/2016,313,2684.80,561.95
7/7/2016,310,424.11,585.60
7/7/2016,320,574.57,637.52
7/7/2016,321,521.04,627.58
7/7/2016,322,776.57,428.44
7/7/2016,323,685.80,593.51
7/7/2016,330,449.27,508.35
7/7/2016,331,561.26,581.17
7/7/2016,332,661.73,750.64
7/7/2016,333,732.91,582.87
7/7/2016,610,482.99,556.83
7/7/2016,620,383.02,737.11
7/7/2016,623,627.55,523.27
7/7/2016,630,2181.91,677.69
7/7/2016,633,782.18,583.94
7/8/2016,440,297.46,697.29
7/8/2016,441,250.22,635.83
7/8/2016,442,660.69,553.72
7/8/2016,443,499.97,620.09
7/8/2016,450,5132.23,526.39
7/8/2016,451,104.58,756.45
7/8/2016,452,49.24,783.41
7/8/2016,453,66.01,919.26
7/8/2016,460,56.85,686.12
7/8/2016,461,58.90,883.98
7/8/2016,462,74.52,933.46
7/8/2016,463,213.77,1086.91
7/27/2016,310,682.70,418.04
7/27/2016,311,671.21,465.29
7/27/2016,312,794.70,461.35
7/27/2016,313,2259.27,521.64
7/27/2016,320,578.31,570.56
7/27/2016,321,535.57,560.54
7/27/2016,322,1036.12,552.34
7/27/2016,323,898.92,596.53
7/27/2016,613,752.61,525.70
7/27/2016,623,603.97,391.64
7/28/2016,330,294.30,347.07
7/28/2016,331,951.86,471.12
7/28/2016,332,737.22,594.98
7/28/2016,333,1334.08,556.68
7/28/2016,440,318.56,1012.15
7/28/2016,441,344.32,1237.17
7/28/2016,442,248.43,1124.06
7/28/2016,443,587.28,1068.27
7/28/2016,620,385.84,-9397.59
7/28/2016,630,541.95,496.16
7/28/2016,633,708.18,275.04
7/29/2016,450,101.18,462.41
7/29/2016,451,83.94,445.44
7/29/2016,452,79.35,524.50
7/29/2016,453,59.10,478.12
7/29/2016,460,51.83,351.69
7/29/2016,461,56.45,395.47
7/29/2016,462,58.09,511.67
7/29/2016,463,108.21,525.48
8/23/2016,310,261.32,291.18
8/23/2016,311,412.61,390.73
8/23/2016,312,410.62,128.59
8/23/2016,313,622.39,246.49
8/23/2016,320,241.16,252.34
8/23/2016,321,122.81,427.77
8/23/2016,322,392.89,247.54
8/23/2016,323,426.71,261.34
8/23/2016,610,146.98,411.44
8/23/2016,613,259.30,102.86
8/23/2016,620,218.64,299.78
8/23/2016,623,425.66,261.76
8/24/2016,330,276.77,189.02
8/24/2016,331,329.03,262.48
8/24/2016,332,266.53,199.78
8/24/2016,333,500.43,256.30
8/24/2016,440,332.35,490.94
8/24/2016,441,241.03,673.96
8/24/2016,442,137.67,494.35
8/24/2016,443,268.13,475.24
8/24/2016,450,100.54,568.12
8/24/2016,451,423.47,1272.76
8/24/2016,452,67.83,1062.79
8/24/2016,630,359.72,290.29
8/24/2016,633,353.60,198.44
8/25/2016,453,34.18,500.29
8/25/2016,460,48.60,483.22
8/25/2016,461,22.77,433.55
8/25/2016,462,23.37,326.58
8/25/2016,463,100.62,594.95
10/4/2016,310,199.22,132.79
10/4/2016,610,215.26,131.20
10/5/2016,311,596.91,70.11
10/5/2016,312,584.16,-99.25
10/5/2016,313,1041.43,65.12
10/5/2016,320,182.84,61.25
10/5/2016,321,577.57,134.67
10/5/2016,322,325.01,155.73
10/5/2016,323,415.19,96.17
10/5/2016,330,291.24,153.96
10/5/2016,331,106.44,238.39
10/5/2016,332,290.06,83.74
10/5/2016,333,218.49,254.92
10/5/2016,613,637.99,99.06
10/5/2016,620,304.97,117.45
10/5/2016,623,469.97,177.86
10/5/2016,630,445.61,140.27
10/5/2016,633,472.41,140.36
10/6/2016,440,397.94,278.31
10/6/2016,441,460.57,242.96
10/6/2016,442,481.18,449.37
10/6/2016,443,374.03,210.53
10/6/2016,450,124.76,279.18
10/6/2016,451,272.17,342.64
10/6/2016,452,40.97,264.21
10/6/2016,453,1025.25,321.01
10/6/2016,460,134.64,170.80
10/6/2016,461,62.49,205.95
10/6/2016,462,62.98,183.85
10/6/2016,463,117.76,168.38
11/7/2016,310,73.78,24.59
11/7/2016,311,83.13,43.16
11/7/2016,312,184.76,24.82
11/7/2016,313,439.08,77.10
11/7/2016,320,66.37,31.19
11/7/2016,321,96.21,44.18
11/7/2016,322,77.79,38.48
11/7/2016,323,97.13,17.22
11/7/2016,330,92.52,35.12
11/7/2016,331,57.35,56.02
11/7/2016,332,58.87,116.58
11/7/2016,442,63.18,147.51
11/7/2016,443,138.90,113.62
11/7/2016,452,48.68,166.14
11/7/2016,453,437.06,147.89
11/7/2016,610,73.20,21.88
11/7/2016,613,117.81,18.25
11/7/2016,620,16.38,33.00
11/7/2016,623,172.21,27.42
11/7/2016,630,35.75,-74.65
11/8/2016,333,51.51,26.88
11/8/2016,440,204.97,38.10
11/8/2016,441,74.31,41.72
11/8/2016,450,87.61,90.75
11/8/2016,451,167.84,89.33
11/8/2016,460,227.02,52.46
11/8/2016,461,136.26,57.64
11/8/2016,462,554.69,66.16
11/8/2016,463,89.31,71.42
11/8/2016,633,437.09,86.85
12/8/2016,310,13.06,17.37
12/8/2016,311,22.27,6.12
12/8/2016,312,12.64,2.17
12/8/2016,313,173.15,4.21
12/8/2016,320,15.28,20.15
12/8/2016,321,24.04,16.91
12/8/2016,322,44.45,17.65
12/8/2016,323,17.68,10.73
12/8/2016,330,13.37,9.28
12/8/2016,331,22.95,5.92
12/8/2016,332,29.36,4.10
12/8/2016,333,28.55,9.97
12/8/2016,440,223.12,19.17
12/8/2016,441,152.49,6.73
12/8/2016,442,123.93,9.50
12/8/2016,443,34.91,-2.08
12/8/2016,450,44.24,16.03
12/8/2016,451,0.84,-7.87
12/8/2016,452,41.36,-3.14
12/8/2016,453,59.66,-42.25
12/8/2016,460,16.99,7.89
12/8/2016,461,9.79,9.04
12/8/2016,462,70.18,13.58
12/8/2016,463,77.61,24.65
12/8/2016,610,9.29,5.74
12/8/2016,613,28.43,9.52
12/8/2016,620,2.64,9.88
12/8/2016,623,27.38,9.77
12/8/2016,630,31.76,11.05
12/8/2016,633,37.87,9.28
1/6/2017,310,38.39,10.57
1/6/2017,310,38.39,1341.02
1/6/2017,310,38.39,10.57
1/6/2017,310,38.39,1341.02
1/6/2017,311,15.26,6.45
1/6/2017,311,15.26,6.45
1/6/2017,311,15.26,6.45
1/6/2017,311,15.26,6.45
1/6/2017,312,32.58,7.20
1/6/2017,312,32.58,12.65
1/6/2017,312,32.58,7.20
1/6/2017,312,32.58,12.65
1/6/2017,313,16.20,13.58
1/6/2017,313,16.20,13.58
1/6/2017,313,49.60,13.58
1/6/2017,313,49.60,13.58
1/6/2017,320,29.46,47.58
1/6/2017,320,29.46,6.62
1/6/2017,320,29.46,47.58
1/6/2017,320,29.46,6.62
1/6/2017,321,38.51,19.52
1/6/2017,321,38.51,19.52
1/6/2017,321,38.51,19.52
1/6/2017,321,38.51,19.52
1/6/2017,322,-18.59,1.08
1/6/2017,322,-18.59,1.08
1/6/2017,322,3.94,1.08
1/6/2017,322,3.94,1.08
1/6/2017,323,17.57,31.87
1/6/2017,323,17.57,2.30
1/6/2017,323,17.57,31.87
1/6/2017,323,17.57,2.30
1/6/2017,330,16.72,10.37
1/6/2017,330,16.72,10.37
1/6/2017,330,16.72,10.37
1/6/2017,330,16.72,10.37
1/6/2017,331,-5.22,3.93
1/6/2017,331,-5.22,3.93
1/6/2017,331,-5.22,3.93
1/6/2017,331,-5.22,3.93
1/6/2017,332,4.60,2.13
1/6/2017,332,4.60,2.13
1/6/2017,332,4.60,2.13
1/6/2017,332,4.60,2.13
1/6/2017,333,26.26,6.16
1/6/2017,333,26.26,-2.11
1/6/2017,333,26.26,6.16
1/6/2017,333,26.26,-2.11
1/6/2017,440,24.78,11.37
1/6/2017,440,24.78,11.37
1/6/2017,440,24.78,11.37
1/6/2017,440,24.78,11.37
1/6/2017,441,22.08,16.89
1/6/2017,441,22.08,16.89
1/6/2017,441,22.08,16.89
1/6/2017,441,22.08,16.89
1/6/2017,442,3.65,14.01
1/6/2017,442,3.65,14.01
1/6/2017,442,9.43,14.01
1/6/2017,442,9.43,14.01
1/6/2017,443,17.88,10.31
1/6/2017,443,17.88,10.31
1/6/2017,443,17.88,10.31
1/6/2017,443,17.88,10.31
1/6/2017,450,26.40,17.67
1/6/2017,450,26.40,17.67
1/6/2017,450,26.40,17.67
1/6/2017,450,26.40,17.67
1/6/2017,451,-24.17,14.47
1/6/2017,451,-24.17,14.47
1/6/2017,451,9.87,14.47
1/6/2017,451,9.87,14.47
1/6/2017,452,19.19,14.05
1/6/2017,452,19.19,14.05
1/6/2017,452,19.19,14.05
1/6/2017,452,19.19,14.05
1/6/2017,453,1.09,15.47
1/6/2017,453,1.09,15.47
1/6/2017,453,1.09,15.47
1/6/2017,453,1.09,15.47
1/6/2017,460,-14.26,10.83
1/6/2017,460,-14.26,10.83
1/6/2017,460,0.62,10.83
1/6/2017,460,0.62,10.83
1/6/2017,461,-8.28,13.87
1/6/2017,461,-8.28,13.87
1/6/2017,461,2.70,13.87
1/6/2017,461,2.70,13.87
1/6/2017,462,-15.36,6.35
1/6/2017,462,-15.36,6.35
1/6/2017,462,-15.36,6.35
1/6/2017,462,-15.36,6.35
1/6/2017,463,12.85,16.61
1/6/2017,463,12.85,16.61
1/6/2017,463,52.09,16.61
1/6/2017,463,52.09,16.61
1/6/2017,610,48.05,7.53
1/6/2017,610,48.05,7.53
1/6/2017,610,48.05,7.53
1/6/2017,610,48.05,7.53
1/6/2017,613,1.62,2.33
1/6/2017,613,1.62,2.42
1/6/2017,613,1.17,2.33
1/6/2017,613,1.17,2.42
1/6/2017,620,-15.76,0.29
1/6/2017,620,-15.76,5.13
1/6/2017,620,0.28,0.29
1/6/2017,620,0.28,5.13
1/6/2017,623,17.14,9.67
1/6/2017,623,17.14,9.67
1/6/2017,623,17.14,9.67
1/6/2017,623,17.14,9.67
1/6/2017,630,0.74,7.53
1/6/2017,630,0.74,7.53
1/6/2017,630,7.83,7.53
1/6/2017,630,7.83,7.53
1/6/2017,633,26.16,1.69
1/6/2017,633,26.16,-0.46
1/6/2017,633,15.14,1.69
1/6/2017,633,15.14,-0.46
2/7/2017,310,3.08,-4.51
2/7/2017,311,4.07,13.43
2/7/2017,312,30.51,18.27
2/7/2017,313,112.41,8.81
2/7/2017,320,11.13,13.77
2/7/2017,321,43.05,35.62
2/7/2017,322,15.69,6.91
2/7/2017,323,-13.03,12.62
2/7/2017,330,10.00,12.34
2/7/2017,331,28.42,26.67
2/7/2017,332,7.30,16.02
2/7/2017,333,16.78,24.41
2/7/2017,440,60.74,51.02
2/7/2017,441,18.92,62.06
2/7/2017,442,23.13,55.69
2/7/2017,443,26.90,54.83
2/7/2017,450,34.32,21.17
2/7/2017,451,29.54,67.02
2/7/2017,452,27.51,52.02
2/7/2017,453,76.43,50.56
2/7/2017,460,19.36,84.57
2/7/2017,461,-10.90,41.97
2/7/2017,462,4.27,44.18
2/7/2017,463,5.33,150.26
2/7/2017,610,-8.31,-33.75
2/7/2017,613,56.62,20.92
2/7/2017,620,-3.37,12.87
2/7/2017,623,22.48,15.05
2/7/2017,630,76.79,32.78
2/7/2017,633,29.10,15.68
3/13/2017,310,15.84,4.92
3/13/2017,310,15.84,4.92
3/13/2017,311,12.52,11.26
3/13/2017,311,12.52,11.26
3/13/2017,312,33.03,16.99
3/13/2017,312,33.03,16.99
3/13/2017,320,-4.59,3.08
3/13/2017,320,-4.59,3.08
3/13/2017,321,20.41,3.60
3/13/2017,321,20.41,3.60
3/13/2017,322,12.01,5.47
3/13/2017,322,12.01,5.47
3/13/2017,330,11.33,6.51
3/13/2017,330,11.33,6.51
3/13/2017,331,21.91,8.45
3/13/2017,331,21.91,8.45
3/13/2017,332,21.57,-7.66
3/13/2017,332,21.57,-7.66
3/13/2017,333,33.17,11.64
3/13/2017,333,33.17,11.64
3/13/2017,610,14.22,11.82
3/13/2017,610,14.22,11.82
3/13/2017,613,15.80,5.19
3/13/2017,613,15.80,5.19
3/13/2017,623,10.97,0.97
3/13/2017,623,10.97,0.97
3/13/2017,630,-12.09,-1.93
3/13/2017,630,-12.09,-1.93
3/13/2017,633,-26.46,-2.20
3/13/2017,633,-26.46,-2.20
3/16/2017,440,-22.30,-9.80
3/16/2017,441,-1.39,6.64
3/16/2017,442,6.19,7.99
3/16/2017,443,20.94,13.26
3/16/2017,450,-0.25,1.56
3/16/2017,451,2.71,-2.15
3/16/2017,452,-9.67,-1.79
3/16/2017,453,2.86,7.54
3/16/2017,460,-19.59,-3.95
3/16/2017,461,-15.35,1.05
3/16/2017,462,-17.50,0.64
3/16/2017,463,-9.20,-5.85
4/11/2017,310,-14.16,66.11
4/11/2017,311,14.65,85.09
4/11/2017,312,63.01,103.08
4/11/2017,313,211.43,93.99
4/11/2017,320,22.23,52.73
4/11/2017,321,24.22,99.06
4/11/2017,322,28.05,70.59
4/11/2017,323,51.26,107.27
4/11/2017,330,24.12,87.52
4/11/2017,331,21.40,84.65
4/11/2017,332,42.19,83.24
4/11/2017,333,45.67,88.83
4/11/2017,610,-2.08,56.39
4/11/2017,613,19.35,56.59
4/11/2017,620,16.59,64.03
4/11/2017,623,48.13,91.41
4/11/2017,630,9.45,57.97
4/11/2017,633,40.73,-23.34
4/13/2017,440,29.50,91.62
4/13/2017,440,29.50,91.62
4/13/2017,441,5.87,93.84
4/13/2017,441,5.87,93.84
4/13/2017,442,30.09,157.37
4/13/2017,442,30.09,157.37
4/13/2017,443,59.54,171.76
4/13/2017,443,59.54,171.76
4/13/2017,450,5.04,81.73
4/13/2017,450,5.04,81.73
4/13/2017,451,22.44,199.16
4/13/2017,451,22.44,199.16
4/13/2017,452,-0.56,185.42
4/13/2017,452,-0.56,185.42
4/13/2017,453,18.31,137.62
4/13/2017,453,18.31,137.62
4/13/2017,460,15.89,103.45
4/13/2017,460,15.89,103.45
4/13/2017,461,3.66,133.80
4/13/2017,461,3.66,133.80
4/13/2017,462,28.28,149.34
4/13/2017,462,28.28,149.34
4/13/2017,463,45.23,310.93
4/13/2017,463,45.23,310.93
5/17/2017,310,48.75,320.55
5/17/2017,311,133.87,178.85
5/17/2017,312,123.76,367.59
5/17/2017,313,774.69,488.22
5/17/2017,320,271.92,448.54
5/17/2017,321,220.88,308.05
5/17/2017,322,294.69,330.32
5/17/2017,323,244.90,363.30
5/17/2017,330,135.08,368.62
5/17/2017,331,92.53,443.30
5/17/2017,332,165.16,418.92
5/17/2017,333,223.30,462.27
5/17/2017,610,39.56,315.34
5/17/2017,613,168.49,187.18
5/17/2017,620,98.07,321.95
5/17/2017,623,134.16,298.20
5/17/2017,630,84.96,370.95
5/17/2017,633,321.66,342.25
5/18/2017,440,122.21,565.57
5/18/2017,441,82.96,973.10
5/18/2017,442,27.55,674.68
5/18/2017,443,150.32,702.49
5/18/2017,450,26.14,367.57
5/18/2017,451,65.08,662.18
5/18/2017,452,20.72,452.20
5/18/2017,453,85.52,644.65
5/18/2017,460,19.71,377.13
5/18/2017,461,17.36,446.19
5/18/2017,462,17.54,339.43
5/18/2017,463,20.65,276.69
6/6/2017,310,141.25,352.31
6/6/2017,311,128.37,446.67
6/6/2017,312,271.14,475.69
6/6/2017,313,892.08,601.73
6/6/2017,320,208.37,431.28
6/6/2017,321,182.79,590.86
6/6/2017,322,177.94,565.78
6/6/2017,323,289.47,319.34
6/6/2017,330,145.51,173.06
6/6/2017,331,81.91,522.92
6/6/2017,332,161.68,636.38
6/6/2017,333,299.00,400.85
6/6/2017,610,170.44,301.68
6/6/2017,613,161.54,450.41
6/6/2017,620,149.09,381.23
6/6/2017,623,150.26,503.51
6/6/2017,630,186.34,55.05
6/6/2017,633,387.83,163.49
6/8/2017,440,209.88,314.38
6/8/2017,441,153.88,343.85
6/8/2017,442,175.82,460.84
6/8/2017,443,300.33,304.52
6/8/2017,450,170.85,499.93
6/8/2017,451,136.07,354.25
6/8/2017,452,78.59,228.34
6/8/2017,453,193.42,346.44
6/8/2017,460,73.02,234.41
6/8/2017,461,63.30,282.57
6/8/2017,462,53.86,196.39
6/8/2017,463,84.62,199.44
6/29/2017,310,937.96,432.97
6/29/2017,311,1420.99,568.34
6/29/2017,312,1095.50,451.93
6/29/2017,313,4446.16,491.80
6/29/2017,320,1063.15,353.33
6/29/2017,321,1735.48,288.38
6/29/2017,322,1759.95,378.91
6/29/2017,323,880.53,281.44
6/29/2017,330,161.63,211.93
6/29/2017,331,246.82,422.05
6/29/2017,332,249.05,377.25
6/29/2017,333,783.67,617.68
6/29/2017,610,318.42,346.15
6/29/2017,613,1354.26,382.67
6/29/2017,620,507.78,407.06
6/29/2017,623,345.34,969.61
6/29/2017,630,303.28,320.38
6/29/2017,633,1500.22,331.82
6/30/2017,440,91.81,245.81
6/30/2017,441,185.29,447.76
6/30/2017,442,101.24,489.23
6/30/2017,443,331.65,528.26
6/30/2017,450,86.71,587.45
6/30/2017,451,71.41,444.70
6/30/2017,452,27.11,361.44
6/30/2017,453,54.94,349.61
6/30/2017,460,5.56,733.42
6/30/2017,461,32.46,350.80
6/30/2017,462,27.09,333.46
6/30/2017,463,30.87,322.65
7/25/2017,310,483.89,286.40
7/25/2017,311,342.37,231.22
7/25/2017,312,471.21,362.47
7/25/2017,313,1136.53,321.89
7/25/2017,320,482.31,331.28
7/25/2017,321,705.74,332.47
7/25/2017,322,621.40,316.12
7/25/2017,323,761.92,194.06
7/25/2017,610,334.79,375.99
7/25/2017,613,424.95,59.39
7/25/2017,620,274.87,374.59
7/25/2017,623,520.47,399.44
7/26/2017,330,568.16,389.22
7/26/2017,331,427.20,604.10
7/26/2017,332,519.63,416.52
7/26/2017,333,597.67,628.39
7/26/2017,440,130.55,243.88
7/26/2017,441,504.11,480.57
7/26/2017,442,353.87,392.05
7/26/2017,443,743.02,343.32
7/26/2017,450,146.86,698.44
7/26/2017,451,112.23,430.11
7/26/2017,452,60.17,498.56
7/26/2017,453,-10.24,405.46
7/26/2017,460,41.41,603.81
7/26/2017,630,454.81,803.99
7/26/2017,633,907.46,277.40
8/24/2017,310,342.49,234.65
8/24/2017,311,322.94,179.12
8/24/2017,312,496.26,207.07
8/24/2017,313,1720.46,245.30
8/24/2017,320,244.15,169.39
8/24/2017,321,439.65,166.44
8/24/2017,322,411.13,233.79
8/24/2017,323,470.55,143.64
8/24/2017,330,137.60,64.73
8/24/2017,331,144.98,71.51
8/24/2017,332,234.12,136.01
8/24/2017,333,691.69,269.24
8/24/2017,610,300.87,368.86
8/24/2017,613,352.70,78.14
8/24/2017,620,123.74,136.98
8/24/2017,623,183.02,100.80
8/24/2017,630,215.37,88.86
8/24/2017,633,279.88,93.09
8/25/2017,440,817.70,634.32
8/25/2017,441,1072.79,782.16
8/25/2017,442,745.42,624.82
8/25/2017,443,1766.02,603.60
8/25/2017,450,991.63,509.46
8/25/2017,451,2780.64,833.03
8/25/2017,452,5576.95,738.49
8/25/2017,453,7647.18,610.32
8/25/2017,460,978.05,347.91
8/25/2017,461,1143.44,552.75
8/25/2017,462,2163.19,955.58
8/25/2017,463,2812.24,730.59
9/28/2017,440,657.10,197.03
9/28/2017,441,1002.69,295.19
9/28/2017,442,436.29,264.43
9/28/2017,443,389.98,172.36
9/28/2017,450,896.61,356.33
9/28/2017,451,1716.02,351.34
9/28/2017,452,997.86,307.55
9/28/2017,453,1650.17,278.47
9/28/2017,460,1953.06,410.13
9/28/2017,461,1771.58,337.44
9/28/2017,462,3011.44,330.66
9/28/2017,463,2753.76,226.44
9/29/2017,310,232.77,232.49
9/29/2017,311,165.03,129.66
9/29/2017,312,254.06,95.62
9/29/2017,313,938.20,184.16
9/29/2017,320,250.25,111.07
9/29/2017,321,327.25,133.46
9/29/2017,322,299.65,109.06
9/29/2017,323,392.40,143.99
9/29/2017,330,291.38,121.12
9/29/2017,331,200.46,182.25
9/29/2017,332,268.33,154.00
9/29/2017,333,395.28,208.03
9/29/2017,610,380.54,234.19
9/29/2017,613,242.83,89.50
9/29/2017,620,91.53,114.31
9/29/2017,623,329.83,123.66
9/29/2017,630,266.83,115.96
9/29/2017,633,558.76,247.24
10/18/2017,442,47.82,58.77
10/18/2017,443,103.66,56.60
10/18/2017,450,150.11,136.83
10/18/2017,451,62.58,72.50
10/18/2017,452,478.94,98.37
10/18/2017,453,1037.82,130.93
10/18/2017,460,59.38,65.32
10/18/2017,461,241.35,119.55
10/18/2017,462,529.41,166.36
10/18/2017,463,2516.00,159.39
10/20/2017,310,166.13,105.67
10/20/2017,311,131.47,89.25
10/20/2017,312,358.64,172.31
10/20/2017,313,1053.28,188.58
10/20/2017,320,172.08,71.93
10/20/2017,321,242.64,105.40
10/20/2017,322,275.95,114.08
10/20/2017,323,264.75,112.60
10/20/2017,330,246.88,116.89
10/20/2017,331,245.69,100.35
10/20/2017,332,502.86,186.95
10/20/2017,333,288.58,178.98
10/20/2017,610,155.50,145.99
10/20/2017,613,235.13,234.55
10/20/2017,620,114.40,104.42
10/20/2017,623,188.34,88.70
10/20/2017,630,212.32,15.55
10/20/2017,633,343.61,109.25
11/15/2017,440,195.26,59.83
11/15/2017,441,126.02,75.38
11/15/2017,442,28.07,26.33
11/15/2017,443,-12.09,67.61
11/15/2017,450,167.25,39.63
11/15/2017,451,577.17,96.91
11/15/2017,452,196.71,60.10
11/15/2017,453,504.32,38.32
11/15/2017,460,162.39,43.22
11/15/2017,461,333.66,70.53
11/15/2017,462,334.16,64.73
11/15/2017,463,447.40,66.38
11/20/2017,310,10.53,39.73
11/20/2017,311,28.47,31.14
11/20/2017,312,44.89,25.11
11/20/2017,313,282.70,45.16
11/20/2017,320,51.99,36.79
11/20/2017,321,56.29,24.98
11/20/2017,323,36.04,19.39
11/20/2017,330,25.39,23.95
11/20/2017,331,93.16,26.56
11/20/2017,332,66.76,1.75
11/20/2017,333,95.38,5.25
11/20/2017,610,45.42,41.84
11/20/2017,613,87.04,30.06
11/20/2017,620,42.62,63.71
11/20/2017,623,51.26,20.03
11/20/2017,630,53.81,44.56
11/20/2017,633,162.94,24.73
12/7/2017,310,-18.81,-39.54
12/7/2017,311,40.01,27.23
12/7/2017,312,-4.57,24.58
12/7/2017,313,119.13,29.21
12/7/2017,321,0.96,11.19
12/7/2017,322,17.10,18.24
12/7/2017,323,15.02,10.95
12/7/2017,330,47.92,18.83
12/7/2017,331,-20.48,4.77
12/7/2017,332,32.91,14.56
12/7/2017,333,18.53,19.51
12/7/2017,610,7.11,10.34
12/7/2017,613,9.41,12.37
12/7/2017,620,-4.55,20.82
12/7/2017,623,32.80,21.17
12/7/2017,630,27.84,56.93
12/7/2017,633,30.54,12.62
12/8/2017,440,19.46,9.92
12/8/2017,441,20.26,25.71
12/8/2017,442,12.52,14.78
12/8/2017,443,12.81,0.06
12/8/2017,450,106.19,23.50
12/8/2017,451,22.26,21.47
12/8/2017,452,18.45,17.46
12/8/2017,453,40.60,17.53
12/8/2017,460,-2.35,6.55
12/8/2017,461,12.84,11.97
12/8/2017,462,64.44,13.37
12/8/2017,463,-7.06,4.80
1/3/2018,310,-36.49,10.49
1/3/2018,311,-23.09,9.18
1/3/2018,312,29.96,12.62
1/3/2018,313,190.75,14.64
1/3/2018,320,9.19,9.30
1/3/2018,321,33.38,16.45
1/3/2018,322,9.39,17.52
1/3/2018,323,18.45,14.98
1/3/2018,330,-1.91,14.27
1/3/2018,331,77.14,12.38
1/3/2018,332,20.45,13.59
1/3/2018,333,42.92,18.50
1/3/2018,440,25.89,11.76
1/3/2018,441,67.42,20.35
1/3/2018,442,3.97,12.25
1/3/2018,443,104.79,16.11
1/3/2018,450,90.52,26.76
1/3/2018,451,16.24,11.74
1/3/2018,452,122.44,12.86
1/3/2018,453,319.60,12.31
1/3/2018,460,13.22,14.69
1/3/2018,461,125.64,11.94
1/3/2018,462,478.36,12.99
1/3/2018,463,701.28,27.82
1/3/2018,610,21.66,14.52
1/3/2018,613,79.39,28.64
1/3/2018,620,-0.94,20.86
1/3/2018,623,-70.72,-6.16
1/3/2018,630,35.58,15.73
1/3/2018,633,80.54,23.01
2/6/2018,310,63.05,24.83
2/6/2018,311,88.06,9.04
2/6/2018,312,-166.48,-36.32
2/6/2018,313,-193.99,-47.34
2/6/2018,320,36.01,12.61
2/6/2018,321,-54.86,-3.70
2/6/2018,322,13.00,5.21
2/6/2018,323,-140.76,-21.56
2/6/2018,330,-25.89,15.04
2/6/2018,331,-121.65,-24.99
2/6/2018,332,111.00,37.40
2/6/2018,333,-14.62,9.78
2/6/2018,610,7.17,8.18
2/6/2018,613,-20.08,-5.81
2/6/2018,620,-69.66,-6.47
2/6/2018,623,-23.26,8.97
2/6/2018,630,-9.94,2.11
2/6/2018,633,69.11,-11.91
3/8/2018,310,12.67,15.55
3/8/2018,311,41.74,24.75
3/8/2018,312,62.05,27.50
3/8/2018,313,375.11,32.20
3/8/2018,320,47.80,20.98
3/8/2018,321,35.47,22.20
3/8/2018,322,12.85,19.97
3/8/2018,323,61.49,27.16
3/8/2018,330,30.87,16.75
3/8/2018,331,36.31,28.17
3/8/2018,332,20.79,17.70
3/8/2018,333,69.28,34.71
3/8/2018,440,23.94,4.07
3/8/2018,441,14.96,21.39
3/8/2018,442,19.24,52.92
3/8/2018,443,34.95,17.64
3/8/2018,450,8.05,17.68
3/8/2018,451,1.14,9.78
3/8/2018,452,-24.48,19.14
3/8/2018,453,22.14,34.65
3/8/2018,460,12.84,15.50
3/8/2018,461,1.01,39.55
3/8/2018,462,-1.51,26.89
3/8/2018,463,-0.86,27.98
3/8/2018,610,42.67,26.58
3/8/2018,613,90.84,34.70
3/8/2018,620,54.57,21.17
3/8/2018,623,24.75,16.85
3/8/2018,630,32.67,26.81
3/8/2018,633,59.28,21.61
4/10/2018,320,32.59,-23.81
4/10/2018,321,29.97,-2.42
4/10/2018,322,28.30,7.06
4/10/2018,330,42.52,24.12
4/10/2018,331,51.95,48.85
4/10/2018,332,38.92,31.47
4/10/2018,333,28.20,11.57
4/10/2018,620,13.69,23.76
4/10/2018,623,46.59,28.11
4/10/2018,630,15.49,27.56
4/10/2018,633,53.12,21.30
4/13/2018,440,18.06,124.47
4/13/2018,441,-4.92,88.45
4/13/2018,442,-10.12,43.40
4/13/2018,443,130.93,128.14
4/13/2018,450,10.53,84.52
4/13/2018,451,-33.99,63.27
4/13/2018,452,3.97,113.38
4/13/2018,453,11.56,216.11
4/13/2018,460,-10.77,91.91
4/13/2018,461,-9.86,123.71
4/13/2018,462,7.74,120.76
4/13/2018,463,-2.78,123.77
4/30/2018,440,9.85,111.40
4/30/2018,441,27.77,125.91
4/30/2018,442,21.72,124.77
4/30/2018,443,139.05,209.56
4/30/2018,450,-1.00,70.85
4/30/2018,451,14.63,188.68
4/30/2018,452,1.27,144.92
4/30/2018,453,27.14,226.68
4/30/2018,460,1.49,44.51
4/30/2018,461,-2.54,118.75
4/30/2018,462,4.50,134.66
4/30/2018,463,14.71,205.40
5/3/2018,310,14.20,82.33
5/3/2018,311,50.39,116.88
5/3/2018,312,91.05,130.50
5/3/2018,313,495.49,160.36
5/3/2018,320,25.85,72.08
5/3/2018,321,60.28,85.24
5/3/2018,322,64.60,114.08
5/3/2018,323,52.68,98.30
5/3/2018,330,19.89,51.47
5/3/2018,332,66.34,75.38
5/3/2018,333,112.09,89.82
5/3/2018,610,31.57,65.13
5/3/2018,613,72.93,103.06
5/3/2018,620,15.13,314.17
5/3/2018,623,72.65,85.01
5/3/2018,630,0.74,48.90
5/3/2018,633,219.84,74.16
6/1/2018,440,237.48,759.56
6/1/2018,441,174.95,974.69
6/1/2018,442,175.24,877.57
6/1/2018,443,463.57,780.94
6/1/2018,450,346.06,984.97
6/1/2018,451,168.91,670.35
6/1/2018,452,135.71,810.45
6/1/2018,453,464.08,748.35
6/1/2018,460,144.12,940.94
6/1/2018,461,109.66,1011.46
6/1/2018,462,41.08,1025.06
6/1/2018,463,186.17,565.13
6/6/2018,310,269.59,383.20
6/6/2018,311,135.90,529.73
6/6/2018,312,223.10,489.96
6/6/2018,313,1494.20,660.22
6/6/2018,320,235.46,359.35
6/6/2018,321,236.79,477.32
6/6/2018,322,166.95,516.53
6/6/2018,323,186.16,492.62
6/6/2018,330,196.54,338.70
6/6/2018,331,148.73,429.37
6/6/2018,332,91.42,307.85
6/6/2018,333,251.55,519.52
6/6/2018,610,165.67,375.23
6/6/2018,613,153.80,259.04
6/6/2018,620,174.07,356.15
6/6/2018,623,158.97,353.14
6/6/2018,630,230.13,383.41
6/6/2018,633,254.99,326.13
6/25/2018,310,495.90,206.17
6/25/2018,311,414.83,372.04
6/25/2018,312,605.30,412.39
6/25/2018,313,2659.18,574.05
6/25/2018,320,543.41,414.47
6/25/2018,321,366.43,330.90
6/25/2018,322,488.78,363.92
6/25/2018,323,359.09,352.92
6/25/2018,610,1169.50,522.33
6/25/2018,613,292.63,275.01
6/25/2018,620,346.22,477.84
6/25/2018,623,81.16,299.80
6/26/2018,440,1027.10,738.34
6/26/2018,441,630.01,711.70
6/26/2018,442,840.78,754.66
6/26/2018,443,895.52,634.37
6/26/2018,450,2247.50,682.72
6/26/2018,451,2246.79,554.18
6/26/2018,452,5719.85,550.16
6/26/2018,453,9517.27,641.70
6/26/2018,460,384.55,437.85
6/26/2018,461,618.30,564.07
6/26/2018,462,700.93,586.03
6/26/2018,463,2411.74,585.65
6/29/2018,330,372.54,433.17
6/29/2018,331,292.21,457.52
6/29/2018,332,324.76,393.12
6/29/2018,333,525.91,642.49
6/29/2018,630,216.07,360.59
6/29/2018,633,214.76,269.11
7/26/2018,310,725.87,475.93
7/26/2018,311,890.84,666.61
7/26/2018,312,1062.64,639.74
7/26/2018,313,3746.65,722.74
7/26/2018,320,1651.08,633.30
7/26/2018,321,1326.68,598.82
7/26/2018,322,1138.23,523.77
7/26/2018,323,847.54,349.81
7/26/2018,330,824.74,461.38
7/26/2018,331,670.49,411.16
7/26/2018,332,761.07,466.82
7/26/2018,333,1191.69,540.75
7/26/2018,610,659.27,732.98
7/26/2018,613,557.93,358.60
7/26/2018,620,720.73,709.99
7/26/2018,623,635.63,432.63
7/26/2018,630,645.33,378.66
7/26/2018,633,1117.98,496.13
7/27/2018,440,1572.01,1189.62
7/27/2018,441,1089.50,723.78
7/27/2018,442,722.97,642.59
7/27/2018,443,1218.72,734.88
7/27/2018,450,3092.08,1268.93
7/27/2018,451,2941.15,1518.00
7/27/2018,452,5941.77,1683.57
7/27/2018,453,4427.02,868.49
7/27/2018,460,2274.14,1931.21
7/27/2018,461,4000.43,1964.05
7/27/2018,462,3496.52,1803.90
7/27/2018,463,3993.63,1095.22
8/22/2018,440,676.32,272.81
8/22/2018,441,606.42,371.39
8/22/2018,442,1207.99,444.23
8/22/2018,443,600.25,141.53
8/22/2018,450,438.42,359.99
8/22/2018,451,300.21,218.50
8/22/2018,452,999.22,230.53
8/22/2018,453,1506.74,261.75
8/22/2018,460,313.38,244.56
8/22/2018,461,607.74,265.53
8/22/2018,462,699.75,290.40
8/22/2018,463,353.17,107.61
8/24/2018,310,480.86,402.75
8/24/2018,320,873.32,338.53
8/24/2018,321,1701.12,405.97
8/24/2018,322,1544.88,354.67
8/24/2018,323,2135.74,405.64
8/24/2018,330,599.55,334.21
8/24/2018,331,785.18,369.60
8/24/2018,332,901.68,374.61
8/24/2018,333,1263.03,401.55
8/24/2018,610,442.51,437.91
8/24/2018,620,550.85,238.61
8/24/2018,623,1190.34,369.22
8/24/2018,630,353.82,292.28
8/24/2018,633,1136.98,366.74
8/27/2018,311,1148.69,402.49
8/27/2018,312,2164.20,495.27
8/27/2018,313,NA,570.05
8/27/2018,613,774.82,191.93
9/19/2018,310,996.93,470.76
9/19/2018,311,1654.61,442.82
9/19/2018,312,1029.05,254.78
9/19/2018,313,NA,382.68
9/19/2018,320,2122.59,383.17
9/19/2018,321,2081.60,342.44
9/19/2018,322,1931.60,338.28
9/19/2018,323,2276.58,352.70
9/19/2018,330,984.96,213.00
9/19/2018,331,1441.12,243.10
9/19/2018,332,1362.83,231.12
9/19/2018,333,1834.72,249.91
9/19/2018,610,4164.37,346.01
9/19/2018,613,944.46,204.64
9/19/2018,620,1512.36,307.62
9/19/2018,623,1736.66,254.24
9/19/2018,630,1922.32,272.80
9/19/2018,633,2533.61,228.30
9/20/2018,440,2703.70,315.74
9/20/2018,441,945.04,206.45
9/20/2018,442,1680.40,-470.51
9/20/2018,443,2806.63,259.65
9/20/2018,450,1413.84,293.22
9/20/2018,451,2939.58,258.33
9/20/2018,452,1679.41,176.94
9/20/2018,453,5115.55,275.29
9/20/2018,460,547.06,262.54
9/20/2018,461,1286.69,198.42
9/20/2018,462,2739.75,280.30
9/20/2018,463,6756.03,414.58
10/18/2018,310,0.00,0.00
10/18/2018,311,0.00,0.00
10/18/2018,312,0.00,0.00
10/18/2018,313,0.00,0.00
10/18/2018,320,0.00,0.00
10/18/2018,321,0.00,0.00
10/18/2018,322,0.00,0.00
10/18/2018,323,0.00,0.00
10/18/2018,330,0.00,0.00
10/18/2018,331,0.00,0.00
10/18/2018,332,0.00,0.00
10/18/2018,333,0.00,0.00
10/18/2018,610,0.00,0.00
10/18/2018,613,0.00,0.00
10/18/2018,620,0.00,0.00
10/18/2018,623,0.00,0.00
10/18/2018,630,0.00,0.00
10/18/2018,633,0.00,0.00
10/19/2018,440,2700.05,92.61
10/19/2018,441,4750.13,127.35
10/19/2018,442,4959.45,53.98
10/19/2018,443,1131.05,62.63
10/19/2018,450,7128.70,143.48
10/19/2018,451,1181.40,54.10
10/19/2018,452,830.68,46.68
10/19/2018,453,6636.83,147.07
10/19/2018,460,3616.94,84.40
10/19/2018,461,977.20,91.42
10/19/2018,462,901.80,102.90
10/19/2018,463,2788.69,115.29
11/14/2018,440,391.22,45.19
11/14/2018,441,891.10,84.12
11/14/2018,442,534.16,52.40
11/14/2018,443,637.90,53.67
11/14/2018,450,677.33,50.43
11/14/2018,451,88.42,40.15
11/14/2018,452,123.49,38.40
11/14/2018,453,1453.83,67.21
11/14/2018,460,619.39,6.77
11/14/2018,461,186.94,24.82
11/14/2018,462,144.02,46.56
11/14/2018,463,929.84,101.53
11/16/2018,310,343.83,35.27
11/16/2018,311,711.47,75.59
11/16/2018,312,557.58,66.11
11/16/2018,313,1719.02,23.57
11/16/2018,321,536.23,35.64
11/16/2018,322,576.35,51.99
11/16/2018,323,666.78,10.57
11/16/2018,330,331.39,26.04
11/16/2018,610,353.68,33.26
11/16/2018,613,283.49,23.99
11/16/2018,623,843.09,32.69
11/16/2018,630,372.96,23.53
11/20/2018,320,713.03,63.10
11/20/2018,331,594.61,54.33
11/20/2018,332,757.72,57.20
11/20/2018,333,964.85,47.68
11/20/2018,620,978.71,54.61
12/18/2018,440,107.94,24.73
12/18/2018,441,86.97,17.56
12/18/2018,442,61.42,16.39
12/18/2018,443,149.59,23.32
12/18/2018,450,252.77,33.90
12/18/2018,451,21.35,16.24
12/18/2018,452,24.81,20.09
12/18/2018,453,246.98,22.15
12/18/2018,460,108.84,17.81
12/18/2018,461,73.76,18.63
12/18/2018,462,75.49,15.68
12/18/2018,463,368.18,20.12
12/19/2018,310,80.50,35.99
12/19/2018,311,169.80,32.71
12/19/2018,312,168.41,18.43
12/19/2018,313,393.42,37.62
12/19/2018,320,122.28,20.48
12/19/2018,321,NA,-42.38
12/19/2018,322,49.65,-12.78
12/19/2018,323,236.44,24.05
12/19/2018,330,57.25,10.31
12/19/2018,331,135.29,24.37
12/19/2018,332,72.65,10.76
12/19/2018,333,96.34,5.48
12/19/2018,610,160.19,17.50
12/19/2018,613,41.13,0.96
12/19/2018,620,144.41,8.65
12/19/2018,623,226.04,25.06
12/19/2018,630,289.91,36.98
12/19/2018,633,192.47,-10.15
1/22/2019,310,34.51,11.61
1/22/2019,311,112.14,12.22
1/22/2019,312,59.64,3.12
1/22/2019,313,262.32,3.50
1/22/2019,320,59.98,13.38
1/22/2019,321,95.65,-0.11
1/22/2019,322,42.05,7.13
1/22/2019,323,123.94,8.61
1/22/2019,330,44.39,1.15
1/22/2019,331,57.74,5.59
1/22/2019,332,20.07,0.20
1/22/2019,333,102.34,4.75
1/22/2019,450,161.46,25.69
1/22/2019,451,120.45,-14.04
1/22/2019,460,129.80,24.76
1/22/2019,461,53.85,20.92
1/22/2019,462,52.43,8.53
1/22/2019,463,576.93,40.42
1/22/2019,610,112.65,12.56
1/22/2019,613,37.16,-12.94
1/22/2019,620,49.42,4.37
1/22/2019,623,122.96,11.59
1/22/2019,630,70.41,11.90
1/22/2019,633,94.39,-5.41
2/21/2019,310,-46.92,-20.42
2/21/2019,311,55.82,30.96
2/21/2019,312,134.96,17.25
2/21/2019,313,334.56,31.76
2/21/2019,320,104.52,0.34
2/21/2019,321,142.98,1.53
2/21/2019,322,10.26,24.97
2/21/2019,323,90.00,21.49
2/21/2019,330,100.65,-4.68
2/21/2019,331,44.80,28.77
2/21/2019,332,56.30,19.83
2/21/2019,333,129.54,37.56
2/21/2019,461,-10.07,60.12
2/21/2019,462,15.63,63.55
2/21/2019,463,171.87,41.77
2/21/2019,610,33.11,-15.45
2/21/2019,613,25.48,31.13
2/21/2019,620,140.36,10.62
2/21/2019,623,61.93,45.49
2/21/2019,630,161.81,19.59
2/21/2019,633,126.30,27.80
3/20/2019,310,30.68,29.09
3/20/2019,311,69.68,21.97
3/20/2019,312,80.60,30.26
3/20/2019,313,348.02,40.28
3/20/2019,320,47.91,1.98
3/20/2019,321,33.38,-5.29
3/20/2019,322,48.86,21.68
3/20/2019,323,89.84,19.23
3/20/2019,330,16.34,-38.65
3/20/2019,331,34.50,11.02
3/20/2019,332,8.93,-100.74
3/20/2019,333,50.40,-3.12
3/20/2019,440,33.76,46.27
3/20/2019,441,75.09,41.28
3/20/2019,442,24.13,37.33
3/20/2019,443,242.72,41.76
3/20/2019,450,62.86,12.27
3/20/2019,451,12.94,81.18
3/20/2019,452,58.41,63.01
3/20/2019,453,341.51,52.78
3/20/2019,460,129.97,88.39
3/20/2019,461,84.55,106.35
3/20/2019,462,12.25,71.58
3/20/2019,463,650.81,79.01
3/20/2019,610,74.23,21.30
3/20/2019,613,70.13,14.97
3/20/2019,620,31.13,20.86
3/20/2019,623,103.43,28.34
3/20/2019,630,121.44,29.25
3/20/2019,633,96.42,-30.26
4/18/2019,310,117.78,106.57
4/18/2019,311,277.09,149.97
4/18/2019,312,478.84,193.16
4/18/2019,313,1194.44,136.05
4/18/2019,320,198.67,122.53
4/18/2019,321,279.94,145.57
4/18/2019,322,302.77,198.98
4/18/2019,323,425.65,148.33
4/18/2019,330,84.12,77.61
4/18/2019,331,166.77,126.67
4/18/2019,332,252.13,121.39
4/18/2019,333,482.89,145.93
4/18/2019,440,266.69,305.09
4/18/2019,441,315.70,301.11
4/18/2019,442,203.60,280.78
4/18/2019,443,971.13,320.55
4/18/2019,450,288.63,105.54
4/18/2019,451,52.87,549.27
4/18/2019,452,16.38,398.14
4/18/2019,453,780.07,489.89
4/18/2019,460,274.50,413.73
4/18/2019,461,71.99,688.63
4/18/2019,462,59.92,519.64
4/18/2019,463,1115.92,682.95
4/18/2019,610,208.91,82.63
4/18/2019,613,401.37,133.28
4/18/2019,620,113.75,69.63
4/18/2019,623,481.59,135.37
4/18/2019,630,158.25,69.40
4/18/2019,633,608.10,119.37
5/14/2019,310,378.96,127.00
5/14/2019,311,252.15,130.21
5/14/2019,312,365.03,185.73
5/14/2019,313,887.12,123.86
5/14/2019,320,549.25,154.22
5/14/2019,321,242.56,92.43
5/14/2019,322,204.00,89.01
5/14/2019,323,232.23,109.24
5/14/2019,330,558.30,82.26
5/14/2019,331,496.02,192.20
5/14/2019,332,295.58,156.77
5/14/2019,333,234.57,75.49
5/14/2019,442,300.14,110.29
5/14/2019,443,238.75,6.72
5/14/2019,610,657.75,130.45
5/14/2019,613,233.70,95.43
5/14/2019,620,485.13,109.44
5/14/2019,623,302.41,59.51
5/14/2019,630,611.86,244.43
5/14/2019,633,478.02,65.67
6/12/2019,310,NA,236.07
6/12/2019,311,NA,121.39
6/12/2019,312,NA,171.72
6/12/2019,313,NA,147.61
6/12/2019,320,NA,141.49
6/12/2019,321,NA,181.98
6/12/2019,322,NA,145.25
6/12/2019,323,NA,120.06
6/12/2019,330,NA,152.71
6/12/2019,331,NA,184.17
6/12/2019,332,NA,256.49
6/12/2019,333,NA,70.61
6/12/2019,440,NA,424.75
6/12/2019,441,NA,254.84
6/12/2019,442,NA,381.37
6/12/2019,443,NA,191.00
6/12/2019,450,NA,360.82
6/12/2019,451,NA,827.13
6/12/2019,452,NA,892.06
6/12/2019,453,NA,743.87
6/12/2019,460,NA,623.58
6/12/2019,461,NA,1381.11
6/12/2019,462,NA,1012.58
6/12/2019,463,NA,423.77
6/12/2019,610,NA,195.81
6/12/2019,613,NA,453.34
6/12/2019,620,NA,207.60
6/12/2019,623,NA,1203.76
6/12/2019,630,NA,183.38
6/12/2019,633,NA,211.11
7/10/2019,311,438.00,237.70
7/10/2019,312,421.00,202.41
7/10/2019,313,1054.33,269.83
7/10/2019,320,360.34,212.42
7/10/2019,321,522.65,237.43
7/10/2019,322,226.90,198.75
7/10/2019,323,654.65,188.39
7/10/2019,330,379.95,160.83
7/10/2019,331,418.21,262.61
7/10/2019,332,267.30,146.62
7/10/2019,333,406.79,169.51
7/10/2019,610,452.14,1214.08
7/10/2019,613,290.89,386.89
7/10/2019,620,377.83,969.03
7/10/2019,623,556.92,170.76
7/10/2019,630,444.06,260.21
7/10/2019,633,1056.52,226.35
7/11/2019,440,403.63,351.65
7/11/2019,441,491.34,261.61
7/11/2019,442,446.34,366.33
7/11/2019,443,426.65,223.05
7/11/2019,450,576.66,394.08
7/11/2019,451,2124.35,869.64
7/11/2019,452,2322.18,1089.03
7/11/2019,453,2477.73,640.07
7/11/2019,460,536.03,386.93
7/11/2019,461,1547.85,1557.35
7/11/2019,462,1845.70,1160.04
7/11/2019,463,1596.79,571.82
8/6/2019,310,602.41,162.67
8/6/2019,311,854.75,62.66
8/6/2019,312,361.88,127.62
8/6/2019,313,319.95,176.22
8/6/2019,320,551.28,151.66
8/6/2019,321,930.45,91.24
8/6/2019,322,198.54,135.20
8/6/2019,323,1568.66,100.34
8/6/2019,330,289.87,168.17
8/6/2019,331,544.98,135.87
8/6/2019,332,178.53,93.20
8/6/2019,333,7935.18,79.72
8/6/2019,610,577.96,514.87
8/6/2019,613,306.06,166.06
8/6/2019,620,152.60,140.52
8/6/2019,623,2040.59,130.83
8/6/2019,630,261.72,557.81
8/6/2019,633,881.27,37.26
8/7/2019,440,1251.88,248.83
8/7/2019,441,531.77,175.85
8/7/2019,442,930.03,130.47
8/7/2019,443,908.51,104.82
8/7/2019,450,790.62,209.12
8/7/2019,451,10867.30,829.67
8/7/2019,452,9303.11,758.05
8/7/2019,453,4424.35,238.25
8/7/2019,460,3030.45,281.58
8/7/2019,461,9251.66,786.88
8/7/2019,462,12979.09,671.53
8/7/2019,463,5448.22,233.54
9/4/2019,311,863.85,104.56
9/4/2019,312,1327.52,160.98
9/4/2019,610,976.38,297.58
9/4/2019,613,839.63,427.30
9/5/2019,321,609.44,134.76
9/5/2019,322,299.74,85.11
9/5/2019,323,736.59,176.05
9/5/2019,330,242.40,110.64
9/5/2019,331,187.63,88.84
9/5/2019,332,414.62,77.82
9/5/2019,620,284.04,277.82
9/5/2019,623,629.28,428.35
9/5/2019,633,770.09,226.55
9/9/2019,440,219.71,112.90
9/9/2019,441,812.42,163.36
9/9/2019,442,1170.56,166.51
9/9/2019,443,271.49,65.42
9/9/2019,450,2287.50,390.23
9/9/2019,451,1259.46,253.96
9/9/2019,452,1346.68,329.31
9/9/2019,453,2127.36,219.98
9/9/2019,460,1496.56,263.56
9/9/2019,461,748.13,302.74
9/9/2019,462,505.74,284.13
9/9/2019,463,2032.50,167.72
10/7/2019,310,160.93,34.66
10/7/2019,311,89.78,16.54
10/7/2019,312,731.27,140.19
10/7/2019,313,721.60,190.86
10/7/2019,320,235.62,32.42
10/7/2019,321,122.58,63.89
10/7/2019,322,168.25,79.77
10/7/2019,323,234.26,5.68
10/7/2019,330,62.90,43.22
10/7/2019,331,214.62,60.90
10/7/2019,332,349.85,81.28
10/7/2019,333,327.87,68.72
10/7/2019,610,231.90,428.63
10/7/2019,613,70.77,77.25
10/7/2019,620,109.65,92.86
10/7/2019,623,948.11,232.42
10/7/2019,630,207.43,167.25
10/7/2019,633,1080.52,426.01
10/8/2019,440,396.61,77.83
10/8/2019,441,2217.08,171.37
10/8/2019,442,419.02,95.39
10/8/2019,443,256.88,56.45
10/8/2019,450,1410.54,109.13
10/8/2019,451,382.57,122.38
10/8/2019,452,217.11,107.85
10/8/2019,453,669.33,49.28
10/8/2019,460,508.30,58.90
10/8/2019,461,537.32,191.13
10/8/2019,462,623.59,134.38
10/8/2019,463,936.99,46.99
11/1/2019,310,111.62,20.98
11/1/2019,310,111.62,230.61
11/1/2019,310,96.87,20.98
11/1/2019,310,96.87,230.61
11/1/2019,311,138.31,36.11
11/1/2019,312,261.38,12.77
11/1/2019,313,603.62,35.84
11/1/2019,320,235.37,63.57
11/1/2019,321,250.93,14.06
11/1/2019,322,167.29,37.93
11/1/2019,323,209.30,15.67
11/1/2019,330,46.08,19.35
11/1/2019,331,74.53,89.40
11/1/2019,332,112.85,24.09
11/1/2019,333,142.13,6.04
11/1/2019,440,97.65,20.63
11/1/2019,441,710.47,30.05
11/1/2019,442,376.88,38.36
11/1/2019,443,162.76,15.26
11/1/2019,450,495.46,44.12
11/1/2019,451,37.26,80.68
11/1/2019,452,72.08,73.24
11/1/2019,453,175.57,31.77
11/1/2019,460,276.28,44.01
11/1/2019,461,128.90,32.82
11/1/2019,462,50.64,81.33
11/1/2019,463,207.06,18.38
11/1/2019,613,285.57,144.71
11/1/2019,620,136.88,162.97
11/1/2019,623,272.07,256.89
11/1/2019,630,113.67,127.63
11/1/2019,633,376.97,199.10
11/26/2019,310,102.24,14.89
11/26/2019,311,229.56,257.45
11/26/2019,312,379.23,62.11
11/26/2019,313,322.13,-38.25
11/26/2019,320,31.66,22.44
11/26/2019,321,99.66,23.88
11/26/2019,322,7.80,26.19
11/26/2019,323,111.71,75.53
11/26/2019,330,68.04,13.02
11/26/2019,331,45.45,29.74
11/26/2019,332,10.51,29.73
11/26/2019,333,105.74,14.91
11/26/2019,440,195.54,34.52
11/26/2019,441,209.57,38.00
11/26/2019,442,211.96,47.20
11/26/2019,443,84.51,21.64
11/26/2019,450,512.31,43.25
11/26/2019,451,439.97,67.20
11/26/2019,452,201.39,85.41
11/26/2019,453,199.24,22.89
11/26/2019,460,184.75,38.44
11/26/2019,461,508.82,85.72
11/26/2019,462,94.83,70.26
11/26/2019,463,165.15,24.33
11/26/2019,610,49.19,59.65
11/26/2019,613,352.75,63.50
11/26/2019,620,4.77,22.13
11/26/2019,623,85.17,-21.66
11/26/2019,630,33.26,15.64
11/26/2019,633,202.90,9.76
3/24/2020,310,73.01,41.23
3/24/2020,311,57.22,64.97
3/24/2020,312,224.67,53.27
3/24/2020,313,1148.17,106.98
3/24/2020,320,83.18,28.45
3/24/2020,321,135.87,62.21
3/24/2020,322,170.63,76.16
3/24/2020,323,327.72,75.97
3/24/2020,331,74.56,49.26
3/24/2020,332,112.47,60.65
3/24/2020,333,313.21,66.69
3/24/2020,610,21.48,53.12
3/24/2020,613,600.60,51.00
3/24/2020,620,52.07,57.63
3/24/2020,623,319.46,67.05
3/24/2020,633,439.02,39.62
3/26/2020,442,47.30,34.81
3/26/2020,443,118.39,30.19
3/26/2020,450,138.90,46.25
3/26/2020,451,5.55,22.59
3/26/2020,452,-17.84,19.54
3/26/2020,453,187.31,28.53
3/26/2020,460,73.40,71.23
3/26/2020,461,46.42,46.69
3/26/2020,462,346.02,110.47
3/26/2020,463,698.77,103.89
3/27/2020,440,95.95,88.58
3/27/2020,441,206.71,114.38
4/20/2020,311,52.40,-10.94
4/20/2020,312,238.65,1.78
4/20/2020,313,674.86,31.17
4/20/2020,320,-11.61,3.10
4/20/2020,320,-11.61,15.59
4/20/2020,320,4.73,3.10
4/20/2020,320,4.73,15.59
4/20/2020,321,81.37,25.31
4/20/2020,322,110.32,48.62
4/20/2020,323,447.91,50.18
4/20/2020,330,10.93,19.91
4/20/2020,331,33.29,39.47
4/20/2020,332,76.59,51.26
4/20/2020,333,298.54,56.29
4/20/2020,440,27.58,19.14
4/20/2020,441,73.63,29.58
4/20/2020,442,81.61,23.21
4/20/2020,443,106.27,29.01
4/20/2020,450,65.30,19.51
4/20/2020,451,-4.24,34.85
4/20/2020,452,0.72,54.87
4/20/2020,453,292.10,77.08
4/20/2020,460,54.09,13.42
4/20/2020,461,-1.30,38.19
4/20/2020,462,4.62,71.23
4/20/2020,463,213.75,35.81
4/20/2020,610,9.99,65.41
4/20/2020,613,251.13,26.61
4/20/2020,620,39.76,84.32
4/20/2020,623,170.96,16.92
4/20/2020,630,-26.46,26.69
4/20/2020,633,465.26,30.31
5/19/2020,310,61.98,38.09
5/19/2020,311,75.45,44.46
5/19/2020,312,157.43,37.71
5/19/2020,313,643.59,68.85
5/19/2020,320,66.35,22.90
5/19/2020,321,281.35,91.60
5/19/2020,322,308.55,73.45
5/19/2020,323,320.54,66.52
5/19/2020,330,38.64,34.50
5/19/2020,331,140.96,67.74
5/19/2020,332,185.68,51.61
5/19/2020,333,386.42,59.61
5/19/2020,440,20.91,39.42
5/19/2020,441,52.64,66.62
5/19/2020,442,40.21,28.19
5/19/2020,443,161.24,64.26
5/19/2020,450,26.11,44.84
5/19/2020,451,8.77,141.20
5/19/2020,452,1.97,128.91
5/19/2020,453,110.30,74.45
5/19/2020,460,-1.70,75.56
5/19/2020,461,-12.21,107.32
5/19/2020,462,15.36,179.41
5/19/2020,463,281.06,140.19
5/19/2020,610,33.19,35.61
5/19/2020,613,187.24,-22.20
5/19/2020,620,-9.55,35.14
5/19/2020,623,315.70,1.49
5/19/2020,630,18.01,29.84
5/19/2020,633,444.83,37.65
6/15/2020,311,289.67,114.82
6/15/2020,312,645.55,233.74
6/15/2020,313,4445.71,240.05
6/15/2020,320,339.87,223.49
6/15/2020,320,339.87,178.03
6/15/2020,320,467.28,223.49
6/15/2020,320,467.28,178.03
6/15/2020,321,430.49,161.33
6/15/2020,322,684.57,263.39
6/15/2020,323,643.64,209.50
6/15/2020,330,223.99,147.64
6/15/2020,331,185.74,171.74
6/15/2020,332,245.11,124.69
6/15/2020,333,401.80,135.25
6/15/2020,440,258.63,401.95
6/15/2020,441,262.99,260.46
6/15/2020,442,265.75,261.99
6/15/2020,443,212.79,285.15
6/15/2020,450,286.92,340.93
6/15/2020,451,112.68,301.71
6/15/2020,452,103.08,396.30
6/15/2020,453,272.56,247.30
6/15/2020,460,189.47,404.48
6/15/2020,461,56.64,372.65
6/15/2020,462,94.09,338.16
6/15/2020,463,416.77,315.21
6/15/2020,610,258.95,130.14
6/15/2020,613,1361.01,242.45
6/15/2020,620,164.34,241.90
6/15/2020,623,343.78,61.98
6/15/2020,630,186.36,123.14
6/15/2020,633,649.69,103.89
7/8/2020,310,291.20,251.65
7/8/2020,311,578.51,115.03
7/8/2020,312,518.79,213.90
7/8/2020,313,7481.49,120.98
7/8/2020,320,550.55,214.78
7/8/2020,321,584.86,159.63
7/8/2020,322,386.87,168.65
7/8/2020,323,594.41,155.00
7/8/2020,330,284.70,140.76
7/8/2020,331,353.22,200.03
7/8/2020,332,473.62,177.52
7/8/2020,333,496.97,157.80
7/8/2020,440,811.26,251.50
7/8/2020,441,435.21,180.50
7/8/2020,442,824.36,306.13
7/8/2020,443,740.98,117.78
7/8/2020,450,603.61,445.36
7/8/2020,451,452.24,391.94
7/8/2020,452,323.74,352.96
7/8/2020,453,491.21,276.21
7/8/2020,460,548.28,422.23
7/8/2020,461,285.37,496.90
7/8/2020,462,365.07,457.76
7/8/2020,463,399.42,134.42
7/8/2020,610,202.93,153.49
7/8/2020,613,2207.54,273.86
7/8/2020,620,259.95,220.65
7/8/2020,623,330.01,95.89
7/8/2020,630,471.75,287.77
7/8/2020,633,865.22,89.18
7/30/2020,310,597.10,292.26
7/30/2020,311,316.99,269.59
7/30/2020,312,641.27,238.38
7/30/2020,313,17680.36,70.84
7/30/2020,320,151.70,44.85
7/30/2020,321,157.87,32.18
7/30/2020,322,547.07,161.76
7/30/2020,323,468.48,128.41
7/30/2020,330,443.23,242.94
7/30/2020,331,644.56,334.99
7/30/2020,332,781.06,166.82
7/30/2020,333,610.49,49.50
7/30/2020,440,793.60,451.60
7/30/2020,441,793.60,451.60
7/30/2020,442,1152.58,325.33
7/30/2020,443,915.17,470.52
7/30/2020,450,13760.61,370.54
7/30/2020,451,11126.84,1663.37
7/30/2020,452,4309.62,1803.69
7/30/2020,453,2997.10,791.45
7/30/2020,460,580.51,493.27
7/30/2020,461,5459.56,1981.17
7/30/2020,462,1424.32,1559.40
7/30/2020,463,1473.24,530.74
7/30/2020,610,485.10,279.57
7/30/2020,613,791.10,145.07
7/30/2020,620,84.08,70.30
7/30/2020,623,77.93,-5.85
7/30/2020,630,437.71,145.66
7/30/2020,633,212.67,14.18
8/24/2020,310,244.92,132.48
8/24/2020,311,482.90,130.18
8/24/2020,312,890.10,75.65
8/24/2020,313,3237.25,236.44
8/24/2020,320,671.75,255.70
8/24/2020,321,314.24,15.06
8/24/2020,322,232.80,14.90
8/24/2020,323,127.06,2.74
8/24/2020,330,223.93,235.52
8/24/2020,331,527.92,271.93
8/24/2020,332,658.35,192.35
8/24/2020,333,1071.00,131.57
8/24/2020,440,731.27,451.25
8/24/2020,441,955.69,381.30
8/24/2020,442,1264.07,543.45
8/24/2020,443,794.30,459.64
8/24/2020,450,1007.76,662.28
8/24/2020,451,2257.35,967.65
8/24/2020,452,753.26,730.71
8/24/2020,453,1197.62,511.02
8/24/2020,460,427.35,802.78
8/24/2020,461,639.67,1116.23
8/24/2020,462,1252.60,1173.10
8/24/2020,463,3772.38,261.19
8/24/2020,610,83.46,73.99
8/24/2020,613,5796.05,184.68
8/24/2020,620,53.15,124.11
8/24/2020,623,496.07,181.64
8/24/2020,630,108.51,157.31
8/24/2020,633,1143.16,690.50
9/21/2020,310,179.71,50.77
9/21/2020,311,241.48,188.83
9/21/2020,312,447.47,76.70
9/21/2020,313,755.71,140.35
9/21/2020,320,234.08,25.70
9/21/2020,321,297.15,13.55
9/21/2020,322,260.88,84.71
9/21/2020,323,319.57,47.17
9/21/2020,330,120.16,-17.76
9/21/2020,331,473.39,105.37
9/21/2020,332,178.71,17.40
9/21/2020,333,324.98,64.78
9/21/2020,610,165.95,91.89
9/21/2020,613,548.91,288.31
9/21/2020,620,146.68,101.46
9/21/2020,623,503.17,68.92
9/21/2020,630,62.63,46.23
9/21/2020,633,500.16,21.90
9/22/2020,440,483.22,63.15
9/22/2020,441,191.45,61.11
9/22/2020,442,524.74,33.68
9/22/2020,443,688.61,-156.90
9/22/2020,450,739.66,48.54
9/22/2020,451,2207.86,123.83
9/22/2020,452,691.64,47.61
9/22/2020,453,490.92,33.33
9/22/2020,460,321.78,74.79
9/22/2020,461,902.95,128.44
9/22/2020,462,844.52,101.38
9/22/2020,463,1852.01,39.09
10/20/2020,310,41.39,49.92
10/20/2020,311,117.10,68.27
10/20/2020,312,231.88,82.86
10/20/2020,313,697.61,125.98
10/20/2020,320,202.75,110.42
10/20/2020,321,142.67,49.08
10/20/2020,322,90.19,155.21
10/20/2020,323,289.40,105.05
10/20/2020,330,136.48,71.37
10/20/2020,331,120.20,220.86
10/20/2020,332,83.22,26.36
10/20/2020,333,229.87,145.89
10/20/2020,440,118.75,142.86
10/20/2020,441,333.25,67.83
10/20/2020,442,226.33,157.56
10/20/2020,443,245.75,5.29
10/20/2020,450,139.66,97.84
10/20/2020,451,738.60,46.23
10/20/2020,452,198.19,84.12
10/20/2020,453,178.77,104.86
10/20/2020,460,71.13,25.98
10/20/2020,461,78.25,94.62
10/20/2020,462,75.97,86.18
10/20/2020,463,477.26,105.29
10/20/2020,610,188.81,485.34
10/20/2020,613,287.81,31.00
10/20/2020,620,93.52,727.16
10/20/2020,623,126.13,39.59
10/20/2020,630,113.03,19.02
10/20/2020,633,293.16,78.57
11/16/2020,310,58.64,22.36
11/16/2020,311,89.25,75.26
11/16/2020,312,192.11,89.62
11/16/2020,313,562.17,50.08
11/16/2020,320,137.81,-74.12
11/16/2020,321,60.89,52.16
11/16/2020,322,171.93,58.99
11/16/2020,323,240.69,83.21
11/16/2020,330,22.21,22.80
11/16/2020,331,104.43,42.80
11/16/2020,332,108.79,37.65
11/16/2020,333,204.51,79.27
11/16/2020,440,42.37,22.97
11/16/2020,441,227.44,56.79
11/16/2020,442,199.24,69.05
11/16/2020,443,151.13,94.68
11/16/2020,450,149.65,56.60
11/16/2020,451,328.43,42.51
11/16/2020,452,51.43,42.38
11/16/2020,453,93.82,-3.13
11/16/2020,460,24.61,47.38
11/16/2020,461,9.04,32.73
11/16/2020,462,17.74,39.16
11/16/2020,463,232.61,55.01
11/16/2020,610,74.56,51.08
11/16/2020,613,390.45,-50.25
11/16/2020,620,77.02,47.51
11/16/2020,623,118.20,42.73
11/16/2020,630,92.33,385.07
11/16/2020,633,194.59,83.14
3/15/2021,310,4.14,17.83
3/15/2021,311,31.49,29.72
3/15/2021,312,72.48,13.84
3/15/2021,313,313.41,33.60
3/15/2021,320,76.48,20.32
3/15/2021,321,49.58,44.55
3/15/2021,322,102.46,31.07
3/15/2021,323,202.53,53.16
3/15/2021,330,-13.28,29.45
3/15/2021,331,10.22,28.36
3/15/2021,332,19.17,22.79
3/15/2021,333,84.50,36.45
3/15/2021,440,61.18,34.10
3/15/2021,441,69.06,13.40
3/15/2021,442,328.83,33.60
3/15/2021,443,270.81,60.46
3/15/2021,450,42.44,21.92
3/15/2021,451,108.94,66.35
3/15/2021,452,133.48,93.50
3/15/2021,453,154.71,64.86
3/15/2021,460,11.08,30.76
3/15/2021,461,14.38,48.27
3/15/2021,462,21.09,61.06
3/15/2021,463,203.72,21.86
3/15/2021,610,0.92,20.06
3/15/2021,613,162.03,41.24
3/15/2021,620,1.53,24.69
3/15/2021,623,70.15,22.56
3/15/2021,630,19.80,9.65
3/15/2021,633,119.22,23.93
4/12/2021,310,181.12,130.87
4/12/2021,311,308.96,157.51
4/12/2021,312,836.29,185.11
4/12/2021,313,2149.61,170.21
4/12/2021,320,312.08,132.41
4/12/2021,321,376.11,164.35
4/12/2021,322,411.71,118.32
4/12/2021,323,774.42,155.25
4/12/2021,330,81.59,120.16
4/12/2021,331,172.04,118.59
4/12/2021,332,232.83,120.76
4/12/2021,333,792.63,134.38
4/12/2021,440,132.87,136.15
4/12/2021,441,271.53,178.29
4/12/2021,610,91.09,117.73
4/12/2021,613,1406.28,214.15
4/12/2021,620,81.71,137.09
4/12/2021,623,618.21,135.39
4/12/2021,630,81.63,125.10
4/12/2021,633,816.98,144.92
5/10/2021,310,662.50,179.92
5/10/2021,311,1054.78,240.18
5/10/2021,312,2161.78,262.81
5/10/2021,313,5311.58,272.46
5/10/2021,320,719.25,219.75
5/10/2021,321,892.04,271.61
5/10/2021,322,772.84,108.17
5/10/2021,323,1769.77,226.71
5/10/2021,330,268.54,200.10
5/10/2021,331,388.86,189.16
5/10/2021,332,551.38,216.86
5/10/2021,333,1364.31,212.17
5/10/2021,440,246.71,237.75
5/10/2021,441,455.94,313.08
5/10/2021,442,388.37,164.28
5/10/2021,443,565.04,209.60
5/10/2021,450,246.44,165.99
5/10/2021,451,755.31,395.84
5/10/2021,452,65.28,179.42
5/10/2021,453,367.40,270.89
5/10/2021,460,130.13,239.17
5/10/2021,461,26.01,414.14
5/10/2021,462,42.44,185.74
5/10/2021,463,723.05,274.16
5/10/2021,610,181.88,141.68
5/10/2021,613,3971.10,258.53
5/10/2021,620,224.34,466.71
5/10/2021,623,1254.63,582.71
5/10/2021,630,152.76,150.64
5/10/2021,633,2024.50,184.98
6/7/2021,310,86.51,165.41
6/7/2021,310,86.51,424.59
6/7/2021,310,226.39,165.41
6/7/2021,310,226.39,424.59
6/7/2021,311,169.47,352.45
6/7/2021,312,481.16,323.13
6/7/2021,313,3983.32,456.93
6/7/2021,320,196.56,302.86
6/7/2021,321,294.77,447.01
6/7/2021,322,295.42,283.16
6/7/2021,323,466.96,274.53
6/7/2021,330,160.44,290.24
6/7/2021,331,174.34,444.09
6/7/2021,332,154.09,326.49
6/7/2021,333,429.73,241.35
6/7/2021,613,865.66,76.28
6/7/2021,620,80.87,143.09
6/7/2021,623,387.90,528.50
6/7/2021,630,141.39,813.95
6/7/2021,633,964.66,333.42
6/8/2021,440,222.87,521.73
6/8/2021,441,379.26,413.35
6/8/2021,442,247.42,390.15
6/8/2021,443,279.11,336.88
6/8/2021,450,165.33,446.52
6/8/2021,451,309.18,456.27
6/8/2021,452,66.58,423.73
6/8/2021,453,160.13,242.85
6/8/2021,460,42.92,662.56
6/8/2021,461,28.70,517.04
6/8/2021,462,9.64,216.34
6/8/2021,463,1157.67,468.29
6/28/2021,310,225.30,268.02
6/28/2021,311,323.39,547.33
6/28/2021,312,699.83,434.51
6/28/2021,313,1693.55,339.05
6/28/2021,320,507.51,404.29
6/28/2021,321,446.89,545.33
6/28/2021,322,362.59,240.44
6/28/2021,323,841.72,508.40
6/28/2021,330,254.54,598.10
6/28/2021,331,216.52,214.10
6/28/2021,332,190.38,309.51
6/28/2021,333,692.75,443.00
6/28/2021,440,500.32,401.37
6/28/2021,441,955.03,765.90
6/28/2021,442,525.56,405.61
6/28/2021,443,517.96,556.14
6/28/2021,450,316.93,779.11
6/28/2021,451,690.72,684.26
6/28/2021,452,288.93,834.01
6/28/2021,453,511.71,443.45
6/28/2021,460,121.17,653.47
6/28/2021,461,103.63,664.26
6/28/2021,462,87.67,203.56
6/28/2021,463,1025.32,663.91
6/28/2021,610,137.28,718.93
6/28/2021,613,781.59,139.75
6/28/2021,620,118.58,1253.47
6/28/2021,623,526.18,310.34
6/28/2021,630,162.49,420.81
6/28/2021,633,746.97,324.39
7/26/2021,310,306.07,352.01
7/26/2021,311,760.26,356.49
7/26/2021,312,641.62,259.24
7/26/2021,313,7023.89,379.84
7/26/2021,320,421.21,288.43
7/26/2021,321,294.05,233.03
7/26/2021,322,368.34,140.05
7/26/2021,323,694.57,151.02
7/26/2021,331,227.91,63.57
7/26/2021,332,141.02,293.47
7/26/2021,333,563.77,75.45
7/26/2021,610,191.20,264.73
7/26/2021,613,1988.51,357.85
7/26/2021,620,26.58,223.46
7/26/2021,623,1284.84,75.95
7/26/2021,633,2107.78,157.20
9/16/2021,310,820.78,283.87
9/16/2021,311,1278.67,366.39
9/16/2021,312,1776.86,359.78
9/16/2021,313,3816.04,330.65
9/16/2021,320,658.79,211.39
9/16/2021,321,973.91,281.18
9/16/2021,322,812.31,258.36
9/16/2021,323,1670.08,320.23
9/16/2021,330,467.53,303.56
9/16/2021,331,653.68,346.20
9/16/2021,332,843.80,382.06
9/16/2021,333,1935.19,406.65
9/16/2021,440,777.43,469.06
9/16/2021,441,1165.97,516.62
9/16/2021,442,1091.30,445.66
9/16/2021,443,946.12,387.72
9/16/2021,450,1559.10,421.05
9/16/2021,451,766.41,421.79
9/16/2021,452,611.24,549.42
9/16/2021,453,841.16,434.56
9/16/2021,460,823.89,467.41
9/16/2021,461,255.84,382.70
9/16/2021,462,188.47,439.98
9/16/2021,463,1338.78,402.80
9/16/2021,610,395.28,291.76
9/16/2021,613,3621.53,435.20
9/16/2021,620,355.90,240.79
9/16/2021,623,1605.71,345.48
9/16/2021,630,511.10,305.15
9/16/2021,633,2395.57,346.29
10/14/2021,310,236.83,129.41
10/14/2021,311,302.56,156.00
10/14/2021,312,477.55,192.71
10/14/2021,313,4727.70,189.81
10/14/2021,320,364.43,87.64
10/14/2021,321,332.07,166.04
10/14/2021,322,383.66,132.02
10/14/2021,323,515.55,203.11
10/14/2021,330,227.35,234.56
10/14/2021,331,282.07,203.30
10/14/2021,332,3813.66,257.05
10/14/2021,333,799.90,177.20
10/14/2021,440,321.60,278.88
10/14/2021,441,849.78,330.58
10/14/2021,442,843.96,263.89
10/14/2021,443,434.78,234.81
10/14/2021,450,1098.72,305.10
10/14/2021,451,488.02,220.52
10/14/2021,452,212.64,324.31
10/14/2021,453,705.94,296.85
10/14/2021,460,412.83,267.95
10/14/2021,461,58.91,202.64
10/14/2021,462,47.36,292.51
10/14/2021,463,734.45,245.69
10/14/2021,610,300.23,323.78
10/14/2021,613,1237.63,243.77
10/14/2021,620,266.66,562.39
10/14/2021,623,670.12,252.14
10/14/2021,630,272.53,476.82
10/14/2021,633,926.63,223.57
11/15/2021,310,78.99,40.55
11/15/2021,311,77.95,51.44
11/15/2021,312,188.34,31.07
11/15/2021,313,401.41,43.85
11/15/2021,320,97.75,27.02
11/15/2021,321,69.33,61.70
11/15/2021,322,106.07,44.87
11/15/2021,323,110.55,44.45
11/15/2021,330,57.71,17.57
11/15/2021,331,66.87,25.50
11/15/2021,332,70.25,58.43
11/15/2021,333,210.24,73.14
11/15/2021,440,198.65,37.47
11/15/2021,441,339.38,61.20
11/15/2021,442,306.29,59.78
11/15/2021,443,168.75,49.66
11/15/2021,450,199.79,40.92
11/15/2021,451,304.23,63.54
11/15/2021,452,127.53,74.28
11/15/2021,453,216.34,98.55
11/15/2021,460,90.43,41.56
11/15/2021,461,41.95,49.79
11/15/2021,462,12.97,47.10
11/15/2021,463,294.55,50.10
11/15/2021,610,79.07,113.52
11/15/2021,613,371.92,111.49
11/15/2021,620,51.90,108.12
11/15/2021,623,220.39,104.65
11/15/2021,630,70.79,59.27
11/15/2021,633,144.27,50.73
3/7/2022,310,54.60,49.89
3/7/2022,311,50.44,62.26
3/7/2022,312,298.29,75.68
3/7/2022,313,567.33,50.12
3/7/2022,320,43.40,46.16
3/7/2022,321,56.62,31.90
3/7/2022,322,57.60,38.48
3/7/2022,323,116.26,33.94
3/7/2022,330,14.12,24.29
3/7/2022,331,13.47,-10.43
3/7/2022,332,38.15,30.03
3/7/2022,333,79.91,18.44
3/7/2022,440,16.98,72.73
3/7/2022,441,136.51,73.78
3/7/2022,442,14.98,36.08
3/7/2022,443,42.10,18.40
3/7/2022,450,17.76,64.79
3/7/2022,451,1.39,18.79
3/7/2022,452,18.94,117.02
3/7/2022,453,49.31,129.34
3/7/2022,460,-5.29,60.84
3/7/2022,461,-20.82,143.24
3/7/2022,462,-5.69,101.12
3/7/2022,463,39.45,85.80
3/7/2022,610,4.08,15.54
3/7/2022,613,419.76,18.27
3/7/2022,620,14.61,30.30
3/7/2022,623,51.84,25.59
3/7/2022,630,13.23,22.64
3/7/2022,633,47.51,10.64
4/4/2022,310,23.93,18.24
4/4/2022,311,48.76,28.47
4/4/2022,312,197.81,25.67
4/4/2022,313,292.87,18.45
4/4/2022,320,51.45,27.30
4/4/2022,321,77.81,55.81
4/4/2022,322,93.18,35.69
4/4/2022,323,350.24,41.19
4/4/2022,330,7.54,10.16
4/4/2022,331,25.78,4.79
4/4/2022,332,50.54,-15.28
4/4/2022,333,464.07,-33.31
4/4/2022,440,25.35,59.87
4/4/2022,441,46.91,21.05
4/4/2022,442,113.99,44.54
4/4/2022,443,133.15,32.88
4/4/2022,450,26.89,24.67
4/4/2022,451,9.71,25.57
4/4/2022,452,87.31,85.58
4/4/2022,453,121.75,38.37
4/4/2022,460,0.91,22.72
4/4/2022,461,-3.78,68.64
4/4/2022,462,18.73,76.88
4/4/2022,463,126.58,30.40
4/4/2022,610,14.45,14.41
4/4/2022,613,255.57,25.61
4/4/2022,620,8.72,33.28
4/4/2022,623,98.15,36.44
4/4/2022,630,22.19,24.09
4/4/2022,633,33.46,292.72
5/3/2022,310,136.95,152.72
5/3/2022,311,223.33,164.61
5/3/2022,312,1008.47,164.84
5/3/2022,313,1738.46,164.97
5/3/2022,320,178.31,143.24
5/3/2022,321,221.33,163.61
5/3/2022,322,573.20,174.23
5/3/2022,323,1185.27,226.71
5/3/2022,330,69.18,114.96
5/3/2022,331,97.98,107.48
5/3/2022,332,208.51,90.36
5/3/2022,333,1041.98,97.27
5/3/2022,440,154.45,144.15
5/3/2022,441,366.07,216.71
5/3/2022,442,322.89,108.75
5/3/2022,443,405.98,145.96
5/3/2022,450,38.82,149.38
5/3/2022,451,208.48,192.41
5/3/2022,452,121.68,193.66
5/3/2022,453,368.97,265.55
5/3/2022,460,30.95,183.84
5/3/2022,461,5.11,243.75
5/3/2022,462,39.04,226.00
5/3/2022,463,269.01,189.95
5/3/2022,610,69.05,415.91
5/3/2022,613,988.84,568.73
5/3/2022,620,53.35,392.80
5/3/2022,623,499.73,283.09
5/3/2022,630,35.01,695.87
5/3/2022,633,898.56,429.05
6/1/2022,310,410.46,760.52
6/1/2022,311,414.63,887.91
6/1/2022,312,1027.06,794.63
6/1/2022,313,2937.43,645.84
6/1/2022,320,962.78,492.14
6/1/2022,321,302.11,685.55
6/1/2022,322,665.50,580.68
6/1/2022,323,1082.30,692.58
6/1/2022,330,244.56,471.26
6/1/2022,331,163.82,542.97
6/1/2022,332,384.16,480.57
6/1/2022,333,1528.50,499.61
6/1/2022,440,473.27,925.90
6/1/2022,441,6213.98,1201.18
6/1/2022,442,1422.22,881.15
6/1/2022,443,2713.83,778.46
6/1/2022,450,505.86,761.59
6/1/2022,451,509.92,702.59
6/1/2022,452,316.30,902.26
6/1/2022,453,1603.85,792.46
6/1/2022,460,326.20,1088.11
6/1/2022,461,82.37,750.48
6/1/2022,462,332.75,966.33
6/1/2022,463,1256.10,735.02
6/1/2022,610,170.15,571.35
6/1/2022,613,1071.21,630.33
6/1/2022,620,96.22,445.60
6/1/2022,623,497.65,294.72
6/1/2022,630,117.00,447.18
6/1/2022,633,1767.36,489.84
6/28/2022,310,385.79,313.61
6/28/2022,311,258.54,310.91
6/28/2022,312,624.02,245.72
6/28/2022,313,1333.42,272.13
6/28/2022,320,395.28,347.88
6/28/2022,321,343.24,445.78
6/28/2022,322,538.73,333.24
6/28/2022,323,665.41,431.79
6/28/2022,330,238.94,477.41
6/28/2022,331,171.30,421.60
6/28/2022,332,306.22,418.94
6/28/2022,333,940.58,407.04
6/28/2022,440,386.47,492.41
6/28/2022,441,688.81,556.75
6/28/2022,442,643.53,558.87
6/28/2022,443,629.96,499.60
6/28/2022,450,317.72,594.12
6/28/2022,451,389.72,497.40
6/28/2022,452,207.76,498.49
6/28/2022,453,709.23,589.83
6/28/2022,460,208.81,825.58
6/28/2022,461,80.33,632.98
6/28/2022,462,109.33,672.45
6/28/2022,463,685.78,588.82
6/28/2022,610,148.52,386.20
6/28/2022,613,574.07,408.96
6/28/2022,620,192.24,1012.14
6/28/2022,623,436.12,899.84
6/28/2022,630,120.28,298.60
6/28/2022,633,1252.99,1910.95
7/25/2022,310,648.40,769.00
7/25/2022,311,764.53,665.19
7/25/2022,312,3548.72,663.49
7/25/2022,313,11848.79,541.47
7/25/2022,320,1119.48,493.76
7/25/2022,321,742.58,598.33
7/25/2022,322,2157.19,470.39
7/25/2022,323,2553.97,487.43
7/25/2022,330,346.52,445.84
7/25/2022,331,252.43,581.94
7/25/2022,332,767.59,414.79
7/25/2022,333,2677.83,447.79
7/25/2022,440,353.20,543.33
7/25/2022,441,593.83,717.33
7/25/2022,442,429.92,598.89
7/25/2022,443,741.76,633.28
7/25/2022,450,257.75,644.94
7/25/2022,451,340.01,529.30
7/25/2022,452,168.72,627.10
7/25/2022,453,555.57,648.31
7/25/2022,460,123.20,759.35
7/25/2022,461,71.54,843.29
7/25/2022,462,192.98,821.81
7/25/2022,463,678.15,789.53
7/25/2022,610,391.43,895.82
7/25/2022,613,6652.95,656.20
7/25/2022,620,244.21,1186.10
7/25/2022,623,1389.57,904.42
7/25/2022,630,284.91,579.55
7/25/2022,633,10794.67,1309.89
8/22/2022,310,615.22,384.74
8/22/2022,311,1204.07,282.18
8/22/2022,312,4666.22,373.60
8/22/2022,313,6905.75,287.69
8/22/2022,320,1758.46,431.39
8/22/2022,321,1906.74,435.80
8/22/2022,322,2385.87,375.20
8/22/2022,323,2031.73,351.48
8/22/2022,330,358.98,433.01
8/22/2022,331,631.53,493.03
8/22/2022,332,1415.47,303.42
8/22/2022,333,3778.30,303.95
8/22/2022,440,839.35,564.61
8/22/2022,441,812.30,536.28
8/22/2022,442,1392.43,572.16
8/22/2022,443,839.14,513.18
8/22/2022,450,502.71,678.93
8/22/2022,451,549.15,471.44
8/22/2022,452,172.42,490.26
8/22/2022,453,807.56,510.92
8/22/2022,460,116.57,749.37
8/22/2022,461,32.40,635.34
8/22/2022,462,165.29,634.59
8/22/2022,463,1034.04,617.71
8/22/2022,610,377.36,377.48
8/22/2022,613,5887.07,350.16
8/22/2022,620,699.06,449.11
8/22/2022,623,1120.50,-92.38
8/22/2022,630,479.37,1128.19
8/22/2022,633,5223.67,492.61
9/15/2022,310,318.50,270.83
9/15/2022,311,227.88,176.43
9/15/2022,312,826.33,173.91
9/15/2022,313,2035.16,144.16
9/15/2022,320,314.20,160.76
9/15/2022,321,372.00,163.37
9/15/2022,322,464.16,159.06
9/15/2022,323,1224.26,218.94
9/15/2022,330,153.34,170.94
9/15/2022,331,233.45,251.50
9/15/2022,332,383.32,182.04
9/15/2022,333,1254.97,225.98
9/15/2022,440,428.85,306.66
9/15/2022,441,799.95,404.46
9/15/2022,442,1101.99,340.91
9/15/2022,443,483.02,309.46
9/15/2022,450,400.54,401.38
9/15/2022,451,340.13,223.90
9/15/2022,452,4.96,91.50
9/15/2022,453,930.42,309.63
9/15/2022,460,104.72,433.80
9/15/2022,461,49.58,328.66
9/15/2022,462,130.13,421.15
9/15/2022,463,1146.71,409.28
9/15/2022,610,204.52,244.84
9/15/2022,613,1176.02,502.97
9/15/2022,620,211.54,390.36
9/15/2022,623,1075.06,554.31
9/15/2022,630,293.00,665.86
9/15/2022,633,1892.44,508.14
10/17/2022,310,73.50,95.59
10/17/2022,311,141.85,109.81
10/17/2022,312,480.54,99.16
10/17/2022,313,3140.20,126.21
10/17/2022,320,50.62,74.35
10/17/2022,321,195.93,106.81
10/17/2022,322,259.20,104.73
10/17/2022,323,292.71,126.42
10/17/2022,330,46.21,92.08
10/17/2022,331,93.90,120.50
10/17/2022,332,145.28,91.91
10/17/2022,333,1287.57,125.70
10/17/2022,440,1385.34,246.26
10/17/2022,441,872.01,131.25
10/17/2022,442,1486.62,172.47
10/17/2022,443,1379.97,171.39
10/17/2022,450,477.11,210.30
10/17/2022,451,912.91,209.60
10/17/2022,452,266.21,156.88
10/17/2022,453,781.94,193.23
10/17/2022,460,90.41,279.63
10/17/2022,461,35.61,203.62
10/17/2022,462,230.43,289.51
10/17/2022,463,1291.37,360.89
10/17/2022,610,57.11,148.10
10/17/2022,613,1077.89,143.38
10/17/2022,620,26.20,79.28
10/17/2022,623,514.70,196.74
10/17/2022,630,128.05,188.76
10/17/2022,633,1001.82,208.45
11/15/2022,310,22.01,27.04
11/15/2022,311,22.30,26.44
11/15/2022,312,227.77,16.48
11/15/2022,313,815.05,-32.61
11/15/2022,320,16.42,-1.55
11/15/2022,321,93.07,17.71
11/15/2022,322,76.71,2.26
11/15/2022,323,179.34,13.67
11/15/2022,330,20.59,-9.55
11/15/2022,331,21.70,-1.16
11/15/2022,332,133.63,-35.00
11/15/2022,333,586.19,-97.94
11/15/2022,440,140.06,31.32
11/15/2022,441,398.21,40.06
11/15/2022,442,218.15,45.97
11/15/2022,443,147.59,29.26
11/15/2022,450,134.66,34.49
11/15/2022,451,165.39,52.45
11/15/2022,452,71.72,54.15
11/15/2022,453,341.92,60.57
11/15/2022,460,13.28,27.57
11/15/2022,461,-0.62,30.71
11/15/2022,462,157.11,78.75
11/15/2022,463,425.21,56.60
11/15/2022,610,4.49,42.27
11/15/2022,613,341.83,63.68
11/15/2022,620,8.67,-31.37
11/15/2022,623,184.24,75.65
11/15/2022,630,-2.12,260.30
11/15/2022,633,784.54,454.63
3/20/2023,310,16.56,13.56
3/20/2023,311,24.95,8.72
3/20/2023,312,87.94,-1.65
3/20/2023,313,396.97,9.48
3/20/2023,320,2.93,9.54
3/20/2023,321,44.25,13.87
3/20/2023,322,38.90,10.63
3/20/2023,323,78.82,18.80
3/20/2023,330,16.49,18.43
3/20/2023,331,11.10,16.44
3/20/2023,332,-10.23,-2.77
3/20/2023,333,144.62,15.01
3/20/2023,440,78.27,53.39
3/20/2023,441,174.17,54.73
3/20/2023,442,108.82,54.38
3/20/2023,443,137.31,51.12
3/20/2023,450,104.12,46.65
3/20/2023,451,61.60,51.59
3/20/2023,452,38.51,48.45
3/20/2023,453,158.36,43.65
3/20/2023,460,12.57,42.78
3/20/2023,461,15.74,51.70
3/20/2023,462,99.67,64.33
3/20/2023,463,526.10,57.46
3/20/2023,610,10.24,10.31
3/20/2023,613,299.76,8.16
3/20/2023,620,5.46,13.57
3/20/2023,623,104.46,17.30
3/20/2023,630,27.27,18.94
3/20/2023,633,253.07,38.59
4/17/2023,310,152.93,110.04
4/17/2023,311,232.01,201.06
4/17/2023,312,1719.78,173.59
4/17/2023,313,2867.14,175.52
4/17/2023,320,151.34,129.14
4/17/2023,321,314.22,157.00
4/17/2023,322,1189.71,222.10
4/17/2023,323,1224.91,206.75
4/17/2023,330,68.39,115.13
4/17/2023,331,110.63,136.83
4/17/2023,332,461.50,123.25
4/17/2023,333,1757.32,140.95
4/17/2023,440,167.33,225.93
4/17/2023,441,331.74,243.39
4/17/2023,442,317.49,242.54
4/17/2023,443,426.99,257.26
4/17/2023,450,201.90,199.89
4/17/2023,451,152.85,232.20
4/17/2023,452,71.35,269.61
4/17/2023,453,295.32,286.32
4/17/2023,460,65.10,231.54
4/17/2023,461,23.54,224.67
4/17/2023,462,270.29,329.33
4/17/2023,463,1039.35,292.39
4/17/2023,610,43.05,103.56
4/17/2023,613,2416.20,270.17
4/17/2023,620,65.22,78.87
4/17/2023,623,762.58,195.16
4/17/2023,630,48.55,111.53
4/17/2023,633,1182.00,169.16
5/12/2023,310,94.73,244.92
5/12/2023,311,83.06,251.62
5/12/2023,312,353.91,261.26
5/12/2023,313,545.73,182.10
5/12/2023,320,50.07,161.32
5/12/2023,321,94.24,259.39
5/12/2023,322,331.04,269.70
5/12/2023,323,369.95,223.14
5/12/2023,330,56.79,145.31
5/12/2023,331,71.01,201.94
5/12/2023,332,225.62,204.76
5/12/2023,333,663.43,287.72
5/12/2023,440,207.60,440.79
5/12/2023,441,179.80,402.23
5/12/2023,442,222.51,389.53
5/12/2023,443,420.63,454.07
5/12/2023,450,134.52,358.73
5/12/2023,451,137.02,331.90
5/12/2023,452,54.98,451.66
5/12/2023,453,322.62,509.67
5/12/2023,460,59.14,338.96
5/12/2023,461,26.39,395.92
5/12/2023,462,208.40,347.80
5/12/2023,463,917.86,473.17
5/12/2023,610,58.79,351.13
5/12/2023,613,799.78,841.92
5/12/2023,620,30.46,372.00
5/12/2023,623,595.18,504.49
5/12/2023,630,36.73,432.39
5/12/2023,633,705.69,521.67
6/13/2023,310,249.00,370.74
6/13/2023,311,210.88,258.09
6/13/2023,312,1351.63,247.95
6/13/2023,313,1403.77,196.98
6/13/2023,320,178.96,227.86
6/13/2023,321,395.75,409.19
6/13/2023,322,639.78,323.00
6/13/2023,323,958.68,350.72
6/13/2023,330,261.55,350.29
6/13/2023,331,156.02,384.78
6/13/2023,332,550.74,403.54
6/13/2023,333,1061.70,329.11
6/13/2023,440,406.72,490.50
6/13/2023,441,351.06,506.97
6/13/2023,442,568.26,449.41
6/13/2023,443,537.59,495.98
6/13/2023,450,529.90,580.17
6/13/2023,451,392.12,402.71
6/13/2023,452,229.41,623.10
6/13/2023,453,856.08,664.74
6/13/2023,460,133.38,494.47
6/13/2023,461,57.01,506.01
6/13/2023,462,225.98,464.70
6/13/2023,463,900.66,538.64
6/13/2023,610,99.58,286.43
6/13/2023,613,532.71,465.34
6/13/2023,620,91.02,462.04
6/13/2023,623,443.22,1151.25
6/13/2023,630,106.41,240.98
6/13/2023,633,1514.03,760.02
7/11/2023,310,368.08,882.17
7/11/2023,311,394.68,561.58
7/11/2023,312,1277.38,536.56
7/11/2023,313,2409.71,562.47
7/11/2023,320,470.79,633.62
7/11/2023,321,411.50,704.61
7/11/2023,322,929.63,518.11
7/11/2023,323,1231.44,541.89
7/11/2023,330,290.80,647.04
7/11/2023,331,299.52,555.44
7/11/2023,332,562.56,542.78
7/11/2023,333,1608.00,550.87
7/11/2023,440,857.79,729.80
7/11/2023,441,646.77,688.15
7/11/2023,442,1177.97,740.14
7/11/2023,443,739.97,727.79
7/11/2023,450,612.48,800.34
7/11/2023,451,755.69,666.73
7/11/2023,452,320.19,658.63
7/11/2023,453,1112.94,921.43
7/11/2023,460,426.74,629.09
7/11/2023,461,140.84,642.10
7/11/2023,462,545.43,590.11
7/11/2023,463,1746.87,781.49
7/11/2023,610,189.58,564.20
7/11/2023,613,1154.01,547.18
7/11/2023,620,289.56,608.55
7/11/2023,623,530.84,268.41
7/11/2023,630,200.89,825.27
7/11/2023,633,948.61,801.93
8/14/2023,310,409.36,654.74
8/14/2023,311,476.03,477.71
8/14/2023,312,2049.21,428.51
8/14/2023,313,4437.27,403.02
8/14/2023,320,578.48,445.84
8/14/2023,321,325.48,572.12
8/14/2023,322,808.44,340.30
8/14/2023,323,1165.98,351.97
8/14/2023,330,271.35,489.07
8/14/2023,331,335.23,508.83
8/14/2023,332,1059.83,519.92
8/14/2023,333,2351.22,561.16
8/14/2023,440,1452.62,732.37
8/14/2023,441,1625.75,711.76
8/14/2023,442,2035.29,841.55
8/14/2023,443,2675.56,811.39
8/14/2023,450,616.86,851.64
8/14/2023,451,1706.60,718.60
8/14/2023,452,654.92,793.04
8/14/2023,453,1928.03,1443.99
8/14/2023,460,373.34,820.13
8/14/2023,461,1678.62,831.29
8/14/2023,462,1750.69,798.36
8/14/2023,463,3452.92,814.99
8/14/2023,610,336.24,743.72
8/14/2023,613,2298.95,532.57
8/14/2023,620,195.97,556.42
8/14/2023,623,749.23,1263.76
8/14/2023,630,141.81,1074.11
8/14/2023,633,857.81,690.31
9/7/2023,310,390.97,395.97
9/7/2023,311,590.60,406.72
9/7/2023,312,1605.11,290.62
9/7/2023,313,2384.13,259.04
9/7/2023,320,383.74,289.88
9/7/2023,321,390.30,454.79
9/7/2023,322,822.53,272.15
9/7/2023,323,2932.64,312.80
9/7/2023,330,195.42,285.08
9/7/2023,331,336.05,341.70
9/7/2023,332,1225.44,365.39
9/7/2023,333,2450.15,400.45
9/7/2023,610,259.33,249.43
9/7/2023,613,1903.98,645.90
9/7/2023,620,333.48,435.15
9/7/2023,623,1474.74,609.19
9/7/2023,630,288.49,-152.68
9/7/2023,633,2606.96,392.65
9/8/2023,440,690.76,416.27
9/8/2023,441,692.04,382.86
9/8/2023,442,786.76,439.19
9/8/2023,443,474.34,485.27
9/8/2023,450,1099.22,499.39
9/8/2023,451,288.24,198.01
9/8/2023,452,340.45,523.83
9/8/2023,453,622.20,653.39
9/8/2023,460,155.84,241.41
9/8/2023,461,316.14,290.96
9/8/2023,462,387.43,289.22
9/8/2023,463,1157.41,316.54
10/19/2023,310,56.47,94.49
10/19/2023,311,94.07,115.81
10/19/2023,312,235.77,56.12
10/19/2023,313,464.21,66.11
10/19/2023,320,63.25,65.16
10/19/2023,321,106.17,93.53
10/19/2023,322,232.06,97.14
10/19/2023,323,315.61,94.82
10/19/2023,330,45.57,119.67
10/19/2023,331,48.48,116.51
10/19/2023,332,406.25,187.55
10/19/2023,333,968.19,261.18
10/19/2023,440,383.00,177.44
10/19/2023,441,317.40,147.80
10/19/2023,442,345.04,206.19
10/19/2023,443,259.92,214.66
10/19/2023,450,389.78,197.76
10/19/2023,451,555.49,236.29
10/19/2023,452,189.79,233.62
10/19/2023,453,392.40,326.29
10/19/2023,460,56.24,154.47
10/19/2023,461,88.11,161.37
10/19/2023,462,91.50,180.44
10/19/2023,463,344.15,189.19
10/19/2023,610,32.30,522.96
10/19/2023,613,564.49,56.77
10/19/2023,620,76.08,352.54
10/19/2023,623,293.17,1194.65
10/19/2023,630,65.64,334.73
10/19/2023,633,660.15,172.47
11/14/2023,310,59.97,14.21
11/14/2023,311,23.16,23.58
11/14/2023,312,93.51,4.14
11/14/2023,313,310.93,35.05
11/14/2023,320,31.32,33.29
11/14/2023,321,23.10,23.16
11/14/2023,322,100.40,41.40
11/14/2023,323,276.78,45.56
11/14/2023,330,11.53,3.97
11/14/2023,331,17.02,17.39
11/14/2023,332,150.39,30.47
11/14/2023,333,251.89,42.04
11/14/2023,440,490.51,133.35
11/14/2023,441,246.75,89.75
11/14/2023,442,187.20,91.81
11/14/2023,443,197.10,98.56
11/14/2023,450,225.14,79.48
11/14/2023,451,231.29,120.11
11/14/2023,452,76.62,108.51
11/14/2023,453,437.65,194.91
11/14/2023,460,36.17,72.61
11/14/2023,461,20.88,78.44
11/14/2023,462,129.02,172.62
11/14/2023,463,115.56,55.34
11/14/2023,610,22.58,62.19
11/14/2023,613,199.22,25.39
11/14/2023,620,31.63,99.82
11/14/2023,623,101.70,254.75
11/14/2023,630,34.26,86.27
11/14/2023,633,278.53,88.62
3/19/2024,310,42.78,31.23
3/19/2024,311,54.35,53.69
3/19/2024,312,212.58,32.70
3/19/2024,313,371.44,46.60
3/19/2024,320,16.58,36.63
3/19/2024,321,74.46,40.81
3/19/2024,322,141.73,45.86
3/19/2024,323,263.81,48.17
3/19/2024,330,19.57,31.86
3/19/2024,331,25.94,38.31
3/19/2024,332,169.57,58.75
3/19/2024,333,696.13,67.21
3/19/2024,440,81.02,66.84
3/19/2024,441,74.67,84.31
3/19/2024,442,197.16,97.06
3/19/2024,443,313.32,79.52
3/19/2024,450,58.87,70.72
3/19/2024,451,103.43,110.77
3/19/2024,452,88.86,91.45
3/19/2024,453,505.31,103.50
3/19/2024,460,15.60,66.99
3/19/2024,461,8.94,92.33
3/19/2024,462,44.44,82.09
3/19/2024,463,254.36,83.15
3/19/2024,610,18.68,46.61
3/19/2024,613,503.69,53.59
3/19/2024,620,11.24,53.61
3/19/2024,623,95.79,52.01
3/19/2024,630,17.83,29.23
3/19/2024,633,283.25,61.44
4/22/2024,310,149.34,145.81
4/22/2024,311,232.82,195.95
4/22/2024,312,1113.95,178.00
4/22/2024,313,922.24,150.14
4/22/2024,320,139.85,137.05
4/22/2024,321,279.08,157.18
4/22/2024,322,653.19,136.05
4/22/2024,323,920.85,152.01
4/22/2024,330,104.97,125.76
4/22/2024,331,102.98,107.11
4/22/2024,332,698.88,155.85
4/22/2024,333,2089.05,186.40
4/22/2024,440,156.92,215.77
4/22/2024,441,202.52,240.68
4/22/2024,442,377.34,312.69
4/22/2024,443,566.81,236.83
4/22/2024,450,203.18,216.80
4/22/2024,451,471.88,356.64
4/22/2024,452,208.21,312.71
4/22/2024,453,682.76,372.33
4/22/2024,460,61.37,264.20
4/22/2024,461,24.79,249.50
4/22/2024,462,83.93,264.64
4/22/2024,463,640.08,358.59
4/22/2024,610,47.49,154.64
4/22/2024,613,692.39,181.97
4/22/2024,620,82.25,179.22
4/22/2024,623,284.23,186.37
4/22/2024,630,54.32,139.44
4/22/2024,633,784.63,141.47
5/20/2024,310,231.41,397.83
5/20/2024,311,229.26,324.68
5/20/2024,312,629.89,250.71
5/20/2024,313,536.65,209.45
5/20/2024,320,316.63,385.10
5/20/2024,321,170.39,336.27
5/20/2024,322,292.25,306.42
5/20/2024,323,373.83,311.72
5/20/2024,330,147.25,424.85
5/20/2024,331,146.81,447.99
5/20/2024,332,428.61,315.56
5/20/2024,333,787.30,436.14
5/20/2024,440,766.37,845.50
5/20/2024,441,762.08,613.22
5/20/2024,442,1260.68,730.22
5/20/2024,443,900.63,751.45
5/20/2024,450,2304.00,793.50
5/20/2024,451,777.51,861.61
5/20/2024,452,475.08,601.13
5/20/2024,453,1081.33,837.20
5/20/2024,460,720.23,838.42
5/20/2024,461,225.04,755.26
5/20/2024,462,297.43,571.02
5/20/2024,463,1495.97,747.02
5/20/2024,610,127.38,289.54
5/20/2024,613,788.85,425.01
5/20/2024,620,299.39,452.71
5/20/2024,623,200.52,295.05
5/20/2024,630,115.35,406.35
5/20/2024,633,518.07,596.55
6/24/2024,310,769.91,1338.35
6/24/2024,311,880.05,906.30
6/24/2024,312,2663.73,840.52
6/24/2024,313,5625.54,763.82
6/24/2024,320,729.28,832.18
6/24/2024,321,734.43,912.64
6/24/2024,322,1703.73,720.54
6/24/2024,323,2786.82,784.16
6/24/2024,330,600.33,701.91
6/24/2024,331,483.03,580.89
6/24/2024,332,2022.80,621.59
6/24/2024,333,4373.08,646.72
6/24/2024,440,686.09,857.46
6/24/2024,441,543.96,905.51
6/24/2024,442,850.01,979.94
6/24/2024,443,997.17,991.37
6/24/2024,450,586.05,1212.55
6/24/2024,451,1280.66,1192.27
6/24/2024,452,647.46,1051.61
6/24/2024,453,611.40,788.28
6/24/2024,460,527.23,1176.85
6/24/2024,461,305.00,1036.57
6/24/2024,462,490.59,973.98
6/24/2024,463,1078.25,1066.87
6/24/2024,610,269.09,1096.45
6/24/2024,613,1568.01,656.44
6/24/2024,620,367.67,917.14
6/24/2024,623,821.38,536.46
6/24/2024,630,231.59,498.54
6/24/2024,633,4524.81,720.05
7/8/2024,310,402.50,786.31
7/8/2024,311,435.07,629.54
7/8/2024,312,1462.10,609.13
7/8/2024,313,2076.86,457.06
7/8/2024,320,501.30,719.52
7/8/2024,321,367.21,650.63
7/8/2024,322,966.03,555.47
7/8/2024,323,8272.30,677.89
7/8/2024,330,463.20,901.97
7/8/2024,331,333.76,692.15
7/8/2024,332,1388.86,714.36
7/8/2024,333,9190.06,753.10
7/8/2024,440,781.80,1143.86
7/8/2024,441,866.84,1193.54
7/8/2024,442,1013.46,1011.36
7/8/2024,443,1056.89,1129.05
7/8/2024,450,1638.72,1385.32
7/8/2024,451,1167.25,1293.69
7/8/2024,452,799.98,1100.46
7/8/2024,453,938.95,1096.11
7/8/2024,460,477.12,1290.88
7/8/2024,461,530.06,1368.66
7/8/2024,462,656.51,1406.06
7/8/2024,463,1244.92,1178.52
7/8/2024,610,136.42,824.96
7/8/2024,613,379.67,297.27
7/8/2024,620,220.81,753.82
7/8/2024,623,559.46,728.38
7/8/2024,630,286.95,772.30
7/8/2024,633,3248.56,1151.23
8/6/2024,310,666.50,831.93
8/6/2024,311,904.06,852.48
8/6/2024,312,929.27,862.40
8/6/2024,313,NA,697.28
8/6/2024,320,702.30,903.33
8/6/2024,321,1594.15,781.76
8/6/2024,322,1812.56,702.46
8/6/2024,323,1784.55,764.13
8/6/2024,330,407.48,773.61
8/6/2024,331,367.36,705.88
8/6/2024,332,955.30,643.48
8/6/2024,333,NA,738.98
8/6/2024,610,380.72,709.08
8/6/2024,613,1324.68,530.82
8/6/2024,620,374.05,797.73
8/6/2024,623,471.82,904.74
8/6/2024,630,254.11,709.05
8/6/2024,633,639.55,873.66
8/7/2024,440,544.59,644.71
8/7/2024,441,278.44,601.48
8/7/2024,442,656.37,644.25
8/7/2024,443,562.87,421.64
8/7/2024,450,297.49,532.90
8/7/2024,451,1126.60,648.55
8/7/2024,452,498.76,557.13
8/7/2024,453,545.57,490.02
8/7/2024,460,181.62,606.24
8/7/2024,461,123.43,534.59
8/7/2024,462,179.31,452.49
8/7/2024,463,734.14,637.56
9/12/2024,310,346.48,394.02
9/12/2024,311,451.35,326.27
9/12/2024,312,989.90,301.89
9/12/2024,313,2705.11,272.50
9/12/2024,320,400.18,343.75
9/12/2024,321,398.16,333.17
9/12/2024,322,859.54,259.49
9/12/2024,323,1266.53,233.64
9/12/2024,330,303.90,414.85
9/12/2024,331,229.07,288.48
9/12/2024,332,962.50,417.33
9/12/2024,333,1516.40,355.38
9/12/2024,440,559.72,430.06
9/12/2024,441,725.28,649.43
9/12/2024,442,1483.90,647.21
9/12/2024,443,597.34,479.20
9/12/2024,450,203.76,602.78
9/12/2024,451,1204.30,596.37
9/12/2024,452,792.73,664.22
9/12/2024,453,834.97,559.37
9/12/2024,460,123.95,566.29
9/12/2024,461,143.47,673.61
9/12/2024,462,297.51,557.34
9/12/2024,463,1135.09,575.58
9/12/2024,610,172.46,394.60
9/12/2024,613,794.93,285.41
9/12/2024,620,193.44,467.03
9/12/2024,623,524.42,355.24
9/12/2024,630,153.78,437.35
9/12/2024,633,1115.42,680.80
10/15/2024,310,137.64,70.46
10/15/2024,311,138.29,80.48
10/15/2024,312,613.55,126.35
10/15/2024,313,1314.92,132.20
10/15/2024,320,114.87,77.82
10/15/2024,321,234.67,111.78
10/15/2024,322,215.14,36.30
10/15/2024,323,483.59,67.87
10/15/2024,330,140.07,31.80
10/15/2024,331,106.32,51.06
10/15/2024,332,949.65,104.59
10/15/2024,333,963.69,89.57
10/15/2024,440,1659.57,174.91
10/15/2024,441,965.38,193.86
10/15/2024,442,1411.48,244.17
10/15/2024,443,615.83,175.27
10/15/2024,450,295.73,202.21
10/15/2024,451,1745.75,236.83
10/15/2024,452,1198.43,287.07
10/15/2024,453,1688.18,215.87
10/15/2024,460,134.89,164.67
10/15/2024,461,110.00,199.65
10/15/2024,462,265.19,154.09
10/15/2024,463,1313.70,220.20
10/15/2024,610,152.63,134.56
10/15/2024,613,544.33,209.20
10/15/2024,620,123.47,346.83
10/15/2024,623,289.10,218.28
10/15/2024,630,177.18,89.30
10/15/2024,633,1228.14,175.37
11/13/2024,310,88.04,18.39
11/13/2024,311,41.42,13.88
11/13/2024,312,264.54,24.01
11/13/2024,313,788.58,31.95
11/13/2024,320,128.58,36.00
11/13/2024,321,101.57,44.54
11/13/2024,322,235.79,39.40
11/13/2024,323,280.39,49.67
11/13/2024,330,60.15,51.81
11/13/2024,331,45.95,11.34
11/13/2024,332,740.58,61.75
11/13/2024,333,939.93,70.05
11/13/2024,440,530.52,84.86
11/13/2024,441,582.32,93.64
11/13/2024,442,566.25,118.52
11/13/2024,443,512.08,85.80
11/13/2024,450,216.10,112.61
11/13/2024,451,771.80,126.99
11/13/2024,452,440.03,142.83
11/13/2024,453,512.87,111.33
11/13/2024,460,61.06,103.78
11/13/2024,461,61.88,117.70
11/13/2024,462,231.63,133.99
11/13/2024,463,616.21,123.23
11/13/2024,610,67.42,451.81
11/13/2024,613,369.53,-19.15
11/13/2024,620,67.12,359.18
11/13/2024,623,191.60,122.05
11/13/2024,630,67.85,138.76
11/13/2024,633,376.19,206.09
3/3/2025,310,30.56,21.06
3/3/2025,311,18.42,13.19
3/3/2025,312,203.93,32.98
3/3/2025,313,435.17,50.81
3/3/2025,320,14.76,24.43
3/3/2025,321,47.09,23.85
3/3/2025,322,119.80,14.90
3/3/2025,323,91.84,29.21
3/3/2025,330,11.93,22.92
3/3/2025,331,16.53,15.76
3/3/2025,332,145.54,18.99
3/3/2025,333,189.39,17.08
3/3/2025,440,99.07,36.71
3/3/2025,441,124.44,38.25
3/3/2025,442,76.07,44.38
3/3/2025,443,205.67,41.66
3/3/2025,450,71.01,24.07
3/3/2025,451,173.51,43.20
3/3/2025,452,92.45,61.98
3/3/2025,453,106.54,42.80
3/3/2025,460,6.77,40.81
3/3/2025,461,1.17,42.62
3/3/2025,462,40.07,55.14
3/3/2025,463,142.23,56.81
3/3/2025,610,5.39,10.65
3/3/2025,613,117.07,16.21
3/3/2025,620,6.12,13.32
3/3/2025,623,27.01,22.40
3/3/2025,630,6.07,9.40
3/3/2025,633,170.35,16.92
4/3/2025,310,78.05,76.12
4/3/2025,311,151.49,57.58
4/3/2025,312,1140.37,123.07
4/3/2025,313,2764.81,141.89
4/3/2025,320,96.64,88.77
4/3/2025,321,456.03,144.59
4/3/2025,322,753.91,95.65
4/3/2025,323,630.94,101.82
4/3/2025,330,55.96,94.09
4/3/2025,331,100.35,93.69
4/3/2025,332,596.51,84.81
4/3/2025,333,1349.33,71.93
4/3/2025,440,268.17,190.05
4/3/2025,441,214.13,126.06
4/3/2025,442,246.88,175.85
4/3/2025,443,376.22,108.86
4/3/2025,450,56.76,90.43
4/3/2025,451,228.20,132.81
4/3/2025,452,196.91,180.08
4/3/2025,453,498.86,253.37
4/3/2025,460,24.28,185.15
4/3/2025,461,17.99,185.01
4/3/2025,462,233.39,222.28
4/3/2025,463,381.53,152.62
4/3/2025,610,34.95,90.14
4/3/2025,613,502.18,120.97
4/3/2025,620,50.53,109.29
4/3/2025,623,119.04,89.54
4/3/2025,630,23.01,77.95
4/3/2025,633,346.43,67.10
5/7/2025,310,105.32,380.37
5/7/2025,311,181.33,447.23
5/7/2025,312,632.67,436.17
5/7/2025,313,787.74,328.46
5/7/2025,320,89.61,413.13
5/7/2025,321,165.78,415.09
5/7/2025,322,299.59,294.43
5/7/2025,323,507.78,359.30
5/7/2025,330,76.04,224.42
5/7/2025,331,103.83,326.73
5/7/2025,332,455.04,295.49
5/7/2025,333,998.93,308.71
5/7/2025,610,66.39,413.38
5/7/2025,613,547.36,382.41
5/7/2025,620,86.68,591.95
5/7/2025,623,312.40,563.23
5/7/2025,630,62.83,112.34
5/7/2025,633,898.37,410.77
5/7/2025,440,479.06,506.20
5/7/2025,441,289.93,537.90
5/7/2025,442,445.70,606.30
5/7/2025,443,837.59,514.24
5/7/2025,450,135.15,319.71
5/7/2025,451,488.40,356.45
5/7/2025,452,327.31,463.47
5/7/2025,453,410.08,696.19
5/7/2025,460,75.77,504.04
5/7/2025,461,60.03,620.64
5/7/2025,462,241.51,550.38
5/7/2025,463,585.45,550.44
6/3/2025,310,497.13,499.51
6/3/2025,311,376.10,543.39
6/3/2025,312,969.42,402.18
6/3/2025,313,1383.26,470.80
6/3/2025,320,274.12,488.77
6/3/2025,321,306.94,693.31
6/3/2025,322,1036.44,464.67
6/3/2025,323,925.91,487.57
6/3/2025,330,524.54,506.07
6/3/2025,331,314.72,582.97
6/3/2025,332,2812.74,507.07
6/3/2025,333,2962.08,605.79
6/3/2025,610,496.79,901.80
6/3/2025,613,847.17,381.34
6/3/2025,620,562.69,374.35
6/3/2025,623,675.27,385.25
6/3/2025,630,303.86,431.88
6/3/2025,633,5006.83,553.47
6/3/2025,440,271.70,691.50
6/3/2025,441,313.27,676.22
6/3/2025,442,441.28,685.45
6/3/2025,443,520.85,497.45
6/3/2025,450,290.84,878.19
6/3/2025,451,464.43,620.05
6/3/2025,452,211.45,617.22
6/3/2025,453,522.06,855.66
6/3/2025,460,73.81,801.73
6/3/2025,461,64.91,938.75
6/3/2025,462,179.96,598.75
6/3/2025,463,763.43,778.75
7/3/2025,310,411.89,949.17
7/3/2025,311,470.80,826.15
7/3/2025,312,1823.27,693.22
7/3/2025,313,2111.34,917.22
7/3/2025,320,541.31,1040.07
7/3/2025,321,1127.51,1430.43
7/3/2025,322,1130.06,690.36
7/3/2025,323,1717.55,795.99
7/3/2025,330,279.35,776.46
7/3/2025,331,486.16,633.83
7/3/2025,332,2382.91,489.51
7/3/2025,333,2521.43,599.09
7/3/2025,610,190.53,1418.95
7/3/2025,613,804.74,780.90
7/3/2025,620,215.72,832.27
7/3/2025,623,1593.45,1008.80
7/3/2025,630,135.68,616.41
7/3/2025,633,6144.11,1313.46
7/3/2025,440,1008.51,1027.24
7/3/2025,441,3561.40,938.63
7/3/2025,442,942.25,931.92
7/3/2025,443,1371.89,877.28
7/3/2025,450,722.70,1365.32
7/3/2025,451,2335.08,950.91
7/3/2025,452,468.76,876.22
7/3/2025,453,2113.36,1134.14
7/3/2025,460,199.07,1051.92
7/3/2025,461,282.77,1484.05
7/3/2025,462,489.51,785.13
7/3/2025,463,1348.15,1057.43
8/4/2025,310,570.24,723.99
8/4/2025,311,824.65,480.37
8/4/2025,312,1811.38,396.35
8/4/2025,313,2014.50,385.96
8/4/2025,320,803.67,507.27
8/4/2025,321,773.02,615.44
8/4/2025,322,862.66,616.91
8/4/2025,323,1425.95,496.41
8/4/2025,610,468.43,699.75
8/4/2025,613,1803.68,639.91
8/4/2025,620,468.99,671.03
8/4/2025,623,381.39,357.69
8/4/2025,633,2361.22,544.59
8/4/2025,330,541.08,795.48
8/4/2025,331,606.08,696.65
8/4/2025,332,1097.43,520.66
8/4/2025,333,2106.39,514.88
8/4/2025,630,257.18,711.92
8/4/2025,440,965.24,718.60
8/4/2025,441,602.54,674.63
8/4/2025,442,1060.88,675.79
8/4/2025,443,872.88,695.24
8/4/2025,450,1076.08,767.03
8/4/2025,451,728.10,585.01
8/4/2025,452,451.55,512.26
8/4/2025,453,622.46,773.51
8/4/2025,460,311.40,638.89
8/4/2025,461,272.26,829.54
8/4/2025,462,355.10,510.98
8/4/2025,463,955.19,605.01
9/3/2025,310,556.48,448.19
9/3/2025,311,525.22,455.30
9/3/2025,312,2217.82,347.84
9/3/2025,313,1595.80,371.66
9/3/2025,320,501.83,323.01
9/3/2025,321,492.54,296.46
9/3/2025,322,1018.60,365.15
9/3/2025,323,3793.07,322.39
9/3/2025,330,951.45,539.75
9/3/2025,331,436.32,501.38
9/3/2025,332,2753.00,253.77
9/3/2025,333,744.05,193.18
9/3/2025,610,442.13,877.45
9/3/2025,613,566.15,225.92
9/3/2025,620,442.41,686.47
9/3/2025,623,971.42,314.15
9/3/2025,630,247.95,288.83
9/3/2025,633,9364.94,224.60
9/3/2025,440,1340.76,455.45
9/3/2025,441,859.34,350.34
9/3/2025,442,1017.28,449.81
9/3/2025,443,888.42,430.72
9/3/2025,450,2273.61,649.96
9/3/2025,451,1253.49,552.17
9/3/2025,452,889.46,451.94
9/3/2025,453,1087.41,626.11
9/3/2025,460,572.67,549.81
9/3/2025,461,487.94,645.51
9/3/2025,462,478.22,476.54
9/3/2025,463,1328.54,524.82
10/3/2025,310,393.92,232.05
10/3/2025,311,348.30,157.53
10/3/2025,312,969.42,86.81
10/3/2025,313,1788.02,94.96
10/3/2025,320,271.32,92.50
10/3/2025,321,271.76,41.32
10/3/2025,322,1036.44,202.36
10/3/2025,323,925.91,187.84
10/3/2025,330,524.54,360.38
10/3/2025,331,314.72,244.11
10/3/2025,332,2812.74,363.32
10/3/2025,333,2962.08,217.62
10/3/2025,610,496.79,239.70
10/3/2025,613,847.17,226.49
10/3/2025,620,626.68,-695.13
10/3/2025,623,761.06,863.66
10/3/2025,630,277.95,498.09
10/3/2025,633,4324.05,834.47
10/3/2025,440,2138.63,174.33
10/3/2025,441,2569.90,361.47
10/3/2025,442,4171.52,347.33
10/3/2025,443,2383.75,294.24
10/3/2025,450,1630.10,401.41
10/3/2025,451,2505.80,310.42
10/3/2025,452,1440.23,285.38
10/3/2025,453,1796.25,336.62
10/3/2025,460,687.90,306.07
10/3/2025,461,1033.23,365.64
10/3/2025,462,1104.24,287.55
10/3/2025,463,2049.66,268.12
11/17/2025,310,122.93,99.40
11/17/2025,311,66.28,26.74
11/17/2025,312,537.94,-13.24
11/17/2025,313,590.93,48.27
11/17/2025,320,29.83,36.96
11/17/2025,321,57.38,28.08
11/17/2025,322,156.16,50.83
11/17/2025,323,696.76,131.75
11/17/2025,330,66.63,55.36
11/17/2025,331,104.74,64.88
11/17/2025,332,704.74,39.41
11/17/2025,333,1914.31,63.47
11/17/2025,610,27.60,563.27
11/17/2025,613,964.74,257.96
11/17/2025,620,115.22,70.57
11/17/2025,623,62.44,88.21
11/17/2025,630,41.14,469.29
11/17/2025,633,604.61,51.91
11/17/2025,440,120.49,15.91
11/17/2025,441,304.51,74.24
11/17/2025,442,277.57,54.54
11/17/2025,443,353.74,66.70
11/17/2025,450,91.41,25.50
11/17/2025,451,528.15,62.89
11/17/2025,452,158.56,60.63
11/17/2025,453,462.08,98.74
11/17/2025,460,45.81,54.54
11/17/2025,461,103.20,88.24
11/17/2025,462,191.03,100.14
11/17/2025,463,417.75,113.17
